INSERT INTO `blogs` (`category_id`, `title`, `slug`, `short_description`, `description`, `banner`, `meta_title`, `meta_img`, `meta_description`, `meta_keywords`, `status`, `created_at`, `updated_at`, `deleted_at`) VALUES
( 1, 'T-Shirts Every Man Needs in His Wardrobe', 't-shirts-every-man-needs-in-his-wardrobe', 'Let’s start off with White is a color that suits everyone, but it can be slightly tricky to pick the right one, and style it correctly too.\r\n\r\nIf you think that plain white shirts arent meant for you, then we suggest you go for patterned ones perhaps stripes or checks.\r\n\r\nThen pair it with blue or black jeans and you’re all set to rock your white polo shirt!\r\n\r\nSpeaking of colored t-shirts, are always a safe bet too. When in doubt, go for blue! Thats our motto, simply because you cant go wrong with blue color when its men.', '<div class=\"wp-block-media-text alignwide\" style=\"color: rgb(27, 27, 40); font-size: 13px; grid-template-columns: 43% auto;\"><div class=\"wp-block-media-text__content\"><p>Let’s start off with White is a color that suits everyone, but it can be slightly tricky to pick the right one, and style it correctly too.</p><p>If you think that plain white shirts arent meant for you, then we suggest you go for patterned ones perhaps stripes or checks.</p><p>Then pair it with blue or black jeans and you’re all set to rock your white polo shirt!</p></div></div><p style=\"color: rgb(27, 27, 40); font-size: 13px;\">Speaking of colored t-shirts, are always a safe bet too. When in doubt, go for blue! Thats our motto, simply because you cant go wrong with blue color when its men.Whether you want to go for a button-down shirt, a long sleeve t-shirts or a short-sleeve t-shirts, blue or&nbsp;<a rel=\"noreferrer noopener\" href=\"https://www.daraz.pk/tag/mens-navy-blue-t-shirts/?utm_source=blog&amp;utm_medium=community&amp;utm_campaign=https://blog.daraz.pk/9-t-shirts-every-man-needs-in-his-wardrobe/?spm=a2a0e.blog-315315-13216.0.0.5cef345fi5VKih\" target=\"_blank\" style=\"background-color: rgb(255, 255, 255);\"><span style=\"font-weight: bolder;\"><em>navy blue t-shirts</em></span></a>&nbsp;would never disappoint.</p><div class=\"wp-block-media-text alignwide has-media-on-the-right\" data-spm-anchor-id=\"a2a0e.blog-1010-22609.0.i6.101e4da1pwRLNC\" style=\"color: rgb(27, 27, 40); font-size: 13px; grid-template-columns: auto 46%;\"><div class=\"wp-block-media-text__content\"><p>So dont have any second thoughts about this were giving you golden advice and nothing else!</p></div></div><p style=\"color: rgb(27, 27, 40); font-size: 13px;\">Now lets talk about other solid color jerseys. Plain casual t-shirts in solid colors can be your go-to look</p><div class=\"wp-block-media-text alignwide has-media-on-the-right\" data-spm-anchor-id=\"a2a0e.blog-1010-22609.0.i6.101e4da1pwRLNC\" style=\"color: rgb(27, 27, 40); font-size: 13px; grid-template-columns: auto 46%;\"><div class=\"wp-block-media-text__content\"><p>Whether you want to go for a button-down shirt, a long sleeve t-shirts or a short-sleeve t-shirts, blue or&nbsp;<a rel=\"noreferrer noopener\" href=\"https://www.daraz.pk/tag/mens-navy-blue-t-shirts/?utm_source=blog&amp;utm_medium=community&amp;utm_campaign=https://blog.daraz.pk/9-t-shirts-every-man-needs-in-his-wardrobe/?spm=a2a0e.blog-315315-13216.0.0.5cef345fi5VKih\" target=\"_blank\"><span style=\"font-weight: bolder;\"><em>navy blue t-shirts</em></span></a>&nbsp;would never disappoint.</p><p>So dont have any second thoughts about this were giving you golden advice and nothing else!</p></div></div><p style=\"color: rgb(27, 27, 40); font-size: 13px;\">Now lets talk about other solid color jerseys. Plain casual t-shirts in solid colors can be your go-to look</p>', 164, NULL, NULL, NULL, NULL, 1, '2023-12-18 17:34:48', '2024-01-10 15:59:33', NULL);


INSERT INTO `blog_categories` (`category_name`, `slug`, `created_at`, `updated_at`, `deleted_at`) VALUES
('T-Shirts Every Man Needs in His Wardrobe', 'T-Shirts-Every-Man-Needs-in-His-Wardrobe', '2023-12-18 17:32:46', '2023-12-18 17:32:46', NULL);


INSERT INTO `brands` (`name`, `logo`, `top`, `slug`, `meta_title`, `meta_description`, `created_at`, `updated_at`) VALUES
('Audi', '128', 1, 'audi', 'Audi', NULL, '2019-03-12 06:05:56', '2024-01-09 12:44:14'),
('BMW', '130', 1, 'bmw', 'BMW', NULL, '2019-03-12 06:06:13', '2024-01-09 12:47:27'),
('Denim', '133', 0, 'denim-cpfva', 'Denim', 'Denim', '2023-12-12 15:32:22', '2024-01-09 13:27:39'),
('lucky Brand', '139', 0, 'lucky-brand-nt3vj', 'lucky Brand', 'lucky Brand', '2023-12-12 15:33:41', '2024-01-09 13:35:37'),
('Dior', '134', 0, 'dior-kblrr', 'Dior', 'Dior', '2023-12-12 16:00:42', '2024-01-09 13:29:02'),
('Ford', '135', 0, 'ford-lwal0', 'Ford', 'Ford', '2023-12-12 16:01:32', '2024-01-09 13:29:43'),
('Dell', '132', 0, 'dell-2z7sh', 'Dell', 'Dell', '2023-12-12 16:03:59', '2024-01-09 13:26:55'),
('Honda', '136', 0, 'honda-8iwm4', NULL, NULL, '2023-12-12 16:04:54', '2024-01-09 13:32:10'),
('Huwaei', '137', 0, 'huwaei-vzq1h', 'Huwaei', 'Huwaei', '2023-12-12 16:05:57', '2024-01-09 13:32:57'),
('Apple', '127', 0, 'apple-di1qg', NULL, NULL, '2023-12-12 16:08:09', '2024-01-09 12:22:55'),
('Canon', '131', 0, 'canon-m53og', 'Canon', 'Canon', '2023-12-12 16:08:55', '2024-01-09 13:26:13'),
('Hyundai', '138', 0, 'hyundai-58tsa', 'Hyundai', 'Hyundai', '2023-12-12 16:09:59', '2024-01-09 13:33:51'),
('Addidas', '125', 0, 'addidas-ysxch', 'Addidas', 'Addidas', '2023-12-12 16:10:57', '2024-01-09 12:09:32'),
('Nike', '140', 0, 'nike-lgnbe', 'Nike', 'Nike', '2023-12-13 17:02:12', '2024-01-09 13:36:45'),
('Baby Care', '126', 0, 'baby-care-pgtia', 'Baby Care', 'Baby Care', '2023-12-13 17:03:23', '2024-01-09 12:45:27'),
('Baby & me', '124', 0, 'baby--me-hfay2', 'Baby & me', 'Baby & me', '2023-12-13 17:04:46', '2024-01-09 12:45:09'),
('Baby TV', '129', 0, 'baby-tv-ckcqw', 'Baby TV', 'Baby TV', '2023-12-13 17:06:01', '2024-01-09 12:46:06'),
('Nissan', '141', 0, 'nissan-uonoy', 'Nissan', 'Nissan', '2023-12-13 17:10:42', '2024-01-09 13:37:35'),
('One Plus', '142', 0, 'one-plus-zx0wj', 'One Plus', 'One Plus', '2023-12-13 17:15:55', '2024-01-09 13:38:30'),
('Pampers', '143', 0, 'pampers-fwaxx', 'Pampers', 'Pampers', '2023-12-13 17:17:33', '2024-01-09 13:39:31'),
('Tanishq', '144', 0, 'tanishq-qfcjx', 'Tanishq', 'Tanishq', '2023-12-13 17:25:21', '2024-01-09 13:40:17');


INSERT INTO `brand_translations` (`brand_id`, `name`, `lang`, `created_at`, `updated_at`) VALUES
(3, 'Audi', 'en', '2023-12-12 15:30:13', '2023-12-12 15:30:13'),
(4, 'BMW', 'en', '2023-12-12 15:31:28', '2023-12-12 15:31:28'),
(5, 'Denim', 'en', '2023-12-12 15:32:23', '2023-12-12 15:32:23'),
(6, 'lucky Brand', 'en', '2023-12-12 15:33:41', '2023-12-12 15:33:41'),
(7, 'Dior', 'en', '2023-12-12 16:00:42', '2023-12-12 16:00:42'),
(8, 'Ford', 'en', '2023-12-12 16:01:32', '2023-12-12 16:01:32'),
(9, 'Dell', 'en', '2023-12-12 16:03:59', '2023-12-12 16:03:59'),
(10, 'Honda', 'en', '2023-12-12 16:04:54', '2023-12-12 16:04:54'),
(11, 'Huwaei', 'en', '2023-12-12 16:05:57', '2023-12-12 16:05:57'),
(12, 'Apple', 'en', '2023-12-12 16:08:09', '2023-12-12 16:08:09'),
(13, 'Canon', 'en', '2023-12-12 16:08:55', '2023-12-12 16:08:55'),
(14, 'Hyundai', 'en', '2023-12-12 16:09:59', '2023-12-12 16:09:59'),
(15, 'Addidas', 'en', '2023-12-12 16:10:57', '2023-12-12 16:10:57'),
(16, 'Nike', 'en', '2023-12-13 17:02:12', '2023-12-13 17:02:12'),
(17, 'Baby Care', 'en', '2023-12-13 17:03:23', '2023-12-13 17:03:23'),
(18, 'Baby & me', 'en', '2023-12-13 17:04:46', '2023-12-13 17:04:46'),
(19, 'Baby TV', 'en', '2023-12-13 17:06:01', '2023-12-13 17:06:01'),
(20, 'Nissan', 'en', '2023-12-13 17:10:42', '2023-12-13 17:10:42'),
(21, 'One Plus', 'en', '2023-12-13 17:15:55', '2023-12-13 17:15:55'),
(22, 'Pampers', 'en', '2023-12-13 17:17:33', '2023-12-13 17:17:33'),
(23, 'Tanishq', 'en', '2023-12-13 17:25:21', '2023-12-13 17:25:21');


INSERT INTO `categories` (`parent_id`, `level`, `name`, `order_level`, `commision_rate`, `banner`, `icon`, `cover_image`, `featured`, `top`, `digital`, `slug`, `meta_title`, `meta_description`, `created_at`, `updated_at`) VALUES
(0, 0, 'Men Clothing & Fashion', 0, 0.00, '118', '119', '120', 1, 1, 0, 'men\'s fashion', 'Men\'s Fashion', 'Men\'s Fashion', '2024-01-08 10:23:52', '2024-01-08 15:23:52'),
(0, 0, 'Women Clothing & Fashion', 0, 0.00, '115', '117', '116', 1, 0, 0, 'women\'s fashion', 'Women\'s Fashion', 'Women\'s Fashion', '2024-01-08 10:21:46', '2024-01-08 15:21:46'),
(0, 0, 'Motor Bike Accessories', 0, 0.00, NULL, '157', NULL, 0, 1, 0, 'demo-category-3', 'Demo category 3', NULL, '2024-01-09 11:14:55', '2024-01-09 16:14:55'),
(0, 0, 'Smartphone Accessories', 0, 0.00, NULL, '158', '155', 0, 0, 0, 'smartphone-accessories-ww79z', NULL, 'Smartphone Accessories', '2024-01-09 11:16:16', '2024-01-09 16:16:16'),
(0, 0, 'Car Accessories', 0, 0.00, '121', '122', '123', 1, 0, 0, 'car-accessories-wdgbh', 'Car Accessories', 'Car Accessories', '2024-01-08 11:09:00', '2024-01-08 16:09:00'),
(2, 1, 'Hot Categories', 0, 0.00, NULL, NULL, NULL, 0, 0, 0, 'Hot-Categories-e5aCE', 'Hot Categories', 'Hot Categories', '2023-12-12 16:48:35', '2023-12-12 16:48:35'),
(2, 1, 'Wedding & events', 0, 0.00, NULL, NULL, NULL, 0, 0, 0, 'Wedding--events-IqPiS', 'Wedding & events', 'Wedding & events', '2023-12-12 16:48:56', '2023-12-12 16:48:56'),
(1, 1, 'Outwear & jackets', 0, 0.00, NULL, NULL, NULL, 0, 0, 0, 'Outwear--jackets-Wn647', 'Outwear & jackets', 'Outwear & jackets', '2023-12-12 16:49:27', '2023-12-12 16:49:27'),
(1, 1, 'Underwear & Loungewear Accessories', 0, 0.00, NULL, NULL, NULL, 0, 0, 0, 'Underwear--Loungewear-Accessories-mLj5J', 'Underwear & Loungewear Accessories', 'Underwear & Loungewear Accessories', '2023-12-12 16:51:37', '2023-12-12 16:51:37'),
(4, 1, 'Premium Ultrabook', 0, 0.00, NULL, NULL, NULL, 0, 0, 0, 'Premium-Ultrabook-pGmo1', NULL, NULL, '2023-12-12 16:56:04', '2023-12-12 16:56:04'),
(4, 1, 'Laptop Accessories', 0, 0.00, NULL, NULL, NULL, 0, 0, 0, 'Laptop-Accessories-xjVRo', NULL, 'Laptop Accessories', '2023-12-12 16:56:43', '2023-12-12 16:56:43'),
(5, 1, 'Floor Mats', 0, 0.00, NULL, NULL, NULL, 0, 0, 0, 'Floor-Mats-Y6Dl8', 'Floor Mats', 'Floor Mats', '2023-12-12 16:58:41', '2023-12-12 16:58:41'),
(5, 1, 'Vacuum cleaners', 0, 0.00, NULL, NULL, NULL, 0, 0, 0, 'Vacuum-cleaners-3c7d5', 'Vacuum cleaners', 'Vacuum cleaners', '2023-12-12 16:59:05', '2023-12-12 16:59:05'),
(3, 1, 'Alarm', 0, 0.00, NULL, NULL, NULL, 0, 0, 0, 'Alarm-OFhKB', NULL, 'Alarm', '2023-12-12 17:00:15', '2023-12-12 17:00:15'),
(3, 1, 'Motorcycle Stand', 0, 0.00, NULL, NULL, NULL, 0, 0, 0, 'Motorcycle-Stand-rzJwJ', 'Motorcycle Stand', 'Motorcycle Stand', '2023-12-12 17:01:01', '2023-12-12 17:01:01'),
(0, 0, 'Outdoor & Patio', 0, 0.00, NULL, '160', NULL, 0, 0, 0, 'outdoor--patio-xuvpy', 'Outdoor & Patio', 'Outdoor & Patio', '2024-01-09 11:18:40', '2024-01-09 16:18:40'),
(0, 0, 'Kitchen', 0, 0.00, NULL, '161', '156', 0, 0, 0, 'kitchen-mhwhp', 'Kitchen', 'Kitchen', '2024-01-09 11:20:18', '2024-01-09 16:20:18'),
(0, 0, 'Household Appliances', 0, 0.00, NULL, '159', NULL, 0, 0, 0, 'household-appliances-ymtvn', 'Household Appliances', 'Household Appliances', '2024-01-09 11:17:36', '2024-01-09 16:17:36'),
(0, 0, 'Bakery & Bread', 0, 0.00, NULL, '162', NULL, 0, 0, 0, 'bakery--bread-kclhl', 'Bakery & Bread', 'Bakery & Bread', '2024-01-09 11:23:05', '2024-01-09 16:23:05'),
(0, 0, 'Body Fitness', 0, 0.00, NULL, '163', NULL, 0, 0, 0, 'body-fitness-873u8', NULL, NULL, '2024-01-09 11:25:46', '2024-01-09 16:25:46'),
(0, 0, 'Vitamins & Supplements', 0, 0.00, NULL, '32', NULL, 0, 0, 0, 'Vitamins--Supplements-lMmHi', 'Vitamins & Supplements', 'Vitamins & Supplements', '2023-12-13 10:52:07', '2023-12-13 10:52:07'),
(0, 0, 'Kids & Toy', 0, 0.00, NULL, '33', NULL, 0, 0, 0, 'Kids--Toy-fRtrx', 'Kids & Toy', 'Kids & Toy', '2023-12-13 10:59:02', '2023-12-13 10:59:02'),
(4, 1, 'Power Bank', 0, 0.00, NULL, NULL, NULL, 0, 0, 0, 'Power-Bank-JPRi1', 'Power Bank', 'Power Bank', '2023-12-13 12:15:38', '2023-12-13 12:15:38'),
(16, 1, 'Outdoor Tables', 0, 0.00, NULL, NULL, NULL, 0, 0, 0, 'Outdoor-Tables-XUNz2', 'Outdoor Tables', 'Outdoor Tables', '2023-12-13 12:32:02', '2023-12-13 12:32:02'),
(16, 1, 'Outdoor Seating & Patio Chairs', 0, 0.00, NULL, NULL, NULL, 0, 0, 0, 'Outdoor-Seating--Patio-Chairs-lwnEC', 'Outdoor Seating & Patio Chairs', 'Outdoor Seating & Patio Chairs', '2023-12-13 12:32:50', '2023-12-13 12:32:50'),
(17, 1, 'Sinks and kitchen taps', 0, 0.00, NULL, NULL, NULL, 0, 0, 0, 'Sinks-and-kitchen-taps-Ykj7z', 'Sinks and kitchen taps', 'Sinks and kitchen taps', '2023-12-13 12:34:27', '2023-12-13 12:34:27'),
(17, 1, 'Kitchen rugs', 0, 0.00, NULL, NULL, NULL, 0, 0, 0, 'Kitchen-rugs-QeV5E', 'Kitchen rugs', 'Kitchen rugs', '2023-12-13 12:35:18', '2023-12-13 12:35:18'),
(17, 1, 'Kitchen rugs', 0, 0.00, NULL, NULL, NULL, 0, 0, 0, 'Kitchen-rugs-cRqcz', 'Kitchen rugs', 'Kitchen rugs', '2023-12-13 12:38:29', '2023-12-13 12:38:29'),
(17, 1, 'Pot Holders', 0, 0.00, NULL, NULL, NULL, 0, 0, 0, 'Pot-Holders-29Sty', 'Pot Holders', 'Pot Holders', '2023-12-13 12:38:55', '2023-12-13 12:38:55'),
(18, 1, 'Paper & Plastic', 0, 0.00, NULL, NULL, NULL, 0, 0, 0, 'Paper--Plastic-HuMXb', 'Paper & Plastic', 'Paper & Plastic', '2023-12-13 12:41:49', '2023-12-13 12:41:49'),
(18, 1, 'Cleaning Supplies', 0, 0.00, NULL, NULL, NULL, 0, 0, 0, 'Cleaning-Supplies-AArBZ', 'Cleaning Supplies', 'Cleaning Supplies', '2023-12-13 12:42:26', '2023-12-13 12:42:26'),
(19, 1, 'Donuts & Breakfast Pastries', 0, 0.00, NULL, NULL, NULL, 0, 0, 0, 'Donuts--Breakfast-Pastries-oZNEQ', 'Donuts & Breakfast Pastries', 'Donuts & Breakfast Pastries', '2023-12-13 14:33:48', '2023-12-13 14:33:48'),
(19, 1, 'Sliced Bread', 0, 0.00, NULL, NULL, NULL, 0, 0, 0, 'Sliced-Bread-Uipzc', 'Sliced Bread', 'Sliced Bread', '2023-12-13 14:34:44', '2023-12-13 14:34:44'),
(20, 1, 'Treadmill', 0, 0.00, NULL, NULL, NULL, 0, 0, 0, 'Treadmill-FL6lw', 'Treadmill', 'Treadmill', '2023-12-13 14:35:48', '2023-12-13 14:35:48'),
(20, 1, 'Dumbbells', 0, 0.00, NULL, NULL, NULL, 0, 0, 0, 'Dumbbells-QpPUl', 'Dumbbells', 'Dumbbells', '2023-12-13 14:36:31', '2023-12-13 14:36:31'),
(20, 1, 'Exercise Balls', 0, 0.00, NULL, NULL, NULL, 0, 0, 0, 'Exercise-Balls-Sr2pj', 'Exercise Balls', 'Exercise Balls', '2023-12-13 14:37:08', '2023-12-13 14:37:08'),
(21, 1, 'Energy Drinks', 0, 0.00, NULL, NULL, NULL, 0, 0, 0, 'Energy-Drinks-AAupX', 'Energy Drinks', 'Energy Drinks', '2023-12-13 14:39:45', '2023-12-13 14:39:45'),
(21, 1, 'Protein Powder', 0, 0.00, NULL, NULL, NULL, 0, 0, 0, 'Protein-Powder-6jXHp', 'Protein Powder', 'Protein Powder', '2023-12-13 14:40:32', '2023-12-13 14:40:32'),
(21, 1, 'multivitamin', 0, 0.00, NULL, NULL, NULL, 0, 0, 0, 'multivitamin-DN1lF', 'multivitamin', 'multivitamin', '2023-12-13 14:41:15', '2023-12-13 14:41:15'),
(22, 1, 'Baby Clothing', 0, 0.00, NULL, NULL, NULL, 0, 0, 0, 'Baby-Clothing-LKjwK', 'Baby Clothing', 'Baby Clothing', '2023-12-13 14:45:55', '2023-12-13 14:45:55'),
(22, 1, 'Boys Clothing', 0, 0.00, NULL, NULL, NULL, 0, 0, 0, 'Boys-Clothing-4ZCFF', 'Boys Clothing', 'Boys Clothing', '2023-12-13 14:50:29', '2023-12-13 14:50:29'),
(22, 1, 'Girls Clothing', 0, 0.00, NULL, NULL, NULL, 0, 0, 0, 'Girls-Clothing-kKtir', 'Girls Clothing', 'Girls Clothing', '2023-12-13 14:56:31', '2023-12-13 14:56:31'),
(2, 1, 'Accessories', 0, 0.00, NULL, NULL, NULL, 0, 0, 0, 'Accessories-a83xY', 'Accessories', 'Accessories', '2023-12-13 16:11:51', '2023-12-13 16:11:51'),
(1, 1, 'Bottom', 0, 0.00, NULL, NULL, NULL, 0, 0, 0, 'Bottom-KVdCm', 'Bottom', 'Bottom', '2023-12-13 16:16:21', '2023-12-13 16:16:21');


INSERT INTO `flash_deals` (`title`, `start_date`, `end_date`, `status`, `featured`, `background_color`, `text_color`, `banner`, `slug`, `created_at`, `updated_at`) VALUES
('Flash Sale', 1698796800, 1767743940, 1, 1, NULL, NULL, '153', 'flash-sale-1rCrV', '2023-12-17 17:00:33', '2024-01-09 14:36:51'),
('Electronic', 1651017600, 1745798399, 1, 0, NULL, NULL, '152', 'electronic-XQ31j', '2023-12-17 17:08:52', '2024-01-09 14:28:03'),
('Winter Sale', 1609459200, 1735689600, 1, 0, NULL, NULL, '151', 'winter-sale-Dzt0c', '2023-12-17 17:11:20', '2024-01-09 14:26:58'),
('End of Season', 1612483200, 1748908740, 1, 0, NULL, NULL, '154', 'end-of-season-ehVld', '2024-01-09 14:34:25', '2024-01-09 14:35:54');



INSERT INTO `flash_deal_products` (`flash_deal_id`, `product_id`, `discount`, `discount_type`, `created_at`, `updated_at`) VALUES
(3, 12, 0.00, NULL, '2024-01-09 14:26:58', '2024-01-09 14:26:58'),
(3, 13, 0.00, NULL, '2024-01-09 14:26:58', '2024-01-09 14:26:58'),
(3, 14, 0.00, NULL, '2024-01-09 14:26:58', '2024-01-09 14:26:58'),
(2, 21, 0.00, NULL, '2024-01-09 14:28:03', '2024-01-09 14:28:03'),
(2, 10, 0.00, NULL, '2024-01-09 14:28:03', '2024-01-09 14:28:03'),
(4, 6, 0.00, NULL, '2024-01-09 14:34:25', '2024-01-09 14:34:25'),
(4, 5, 0.00, NULL, '2024-01-09 14:34:25', '2024-01-09 14:34:25'),
(4, 3, 0.00, NULL, '2024-01-09 14:34:25', '2024-01-09 14:34:25'),
(4, 2, 0.00, NULL, '2024-01-09 14:34:25', '2024-01-09 14:34:25'),
(1, 6, 0.00, NULL, '2024-01-09 14:36:51', '2024-01-09 14:36:51'),
(1, 7, 0.00, NULL, '2024-01-09 14:36:51', '2024-01-09 14:36:51'),
(1, 8, 0.00, NULL, '2024-01-09 14:36:51', '2024-01-09 14:36:51'),
(1, 9, 0.00, NULL, '2024-01-09 14:36:51', '2024-01-09 14:36:51'),
(1, 12, 0.00, NULL, '2024-01-09 14:36:51', '2024-01-09 14:36:51'),
(1, 15, 0.00, NULL, '2024-01-09 14:36:51', '2024-01-09 14:36:51'),
(1, 16, 0.00, NULL, '2024-01-09 14:36:51', '2024-01-09 14:36:51'),
(1, 17, 0.00, NULL, '2024-01-09 14:36:51', '2024-01-09 14:36:51'),
(1, 19, 0.00, NULL, '2024-01-09 14:36:52', '2024-01-09 14:36:52'),
(1, 20, 0.00, NULL, '2024-01-09 14:36:52', '2024-01-09 14:36:52');


INSERT INTO `flash_deal_translations` (`flash_deal_id`, `title`, `lang`, `created_at`, `updated_at`) VALUES
(1, 'Flash Sale', 'en', '2023-12-17 17:00:33', '2023-12-17 17:00:33'),
(2, 'Electronic', 'en', '2023-12-17 17:08:52', '2023-12-17 17:08:52'),
(3, 'Winter Sale', 'en', '2023-12-17 17:11:20', '2023-12-17 17:11:20'),
(4, 'End of Season', 'en', '2024-01-09 14:34:25', '2024-01-09 14:34:25');


INSERT INTO `products` (`name`, `added_by`, `user_id`, `category_id`, `brand_id`, `photos`, `thumbnail_img`, `video_provider`, `video_link`, `tags`, `description`, `unit_price`, `purchase_price`, `variant_product`, `attributes`, `choice_options`, `colors`, `variations`, `todays_deal`, `published`, `approved`, `stock_visibility_state`, `cash_on_delivery`, `featured`, `seller_featured`, `current_stock`, `unit`, `weight`, `min_qty`, `low_stock_quantity`, `discount`, `discount_type`, `discount_start_date`, `discount_end_date`, `tax`, `tax_type`, `shipping_type`, `shipping_cost`, `is_quantity_multiplied`, `est_shipping_days`, `num_of_sale`, `meta_title`, `meta_description`, `meta_img`, `pdf`, `slug`, `rating`, `barcode`, `digital`, `auction_product`, `file_name`, `file_path`, `external_link`, `external_link_btn`, `wholesale_product`, `created_at`, `updated_at`) VALUES
('Legendary Whitetails Men\'s Huntguard Bullfrog Technical Softshell Gaiter Hoodie', 'admin', 9, 1, 3, '49,50,89', '89', 'youtube', NULL, '', '<div class=\"row\" style=\"flex-direction: row; margin: 0px; padding: 0px; width: 749.672px; color: rgb(33, 33, 33); font-family: Roboto, Arial, sans-serif; font-size: 14px;\"><div class=\"col col-9-12 _2vZqPX\" style=\"width: 562.25px; padding: 0px 0px 24px; margin: 0px; display: inline-block; vertical-align: top;\">Navy Shirt</div></div><div class=\"row\" style=\"flex-direction: row; margin: 0px; padding: 0px; width: 749.672px; color: rgb(33, 33, 33); font-family: Roboto, Arial, sans-serif; font-size: 14px;\"><div class=\"col col-3-12 _2H87wv\" style=\"width: 187.406px; padding: 0px 0px 24px; margin: 0px; display: inline-block; vertical-align: top; color: rgb(135, 135, 135);\">Style Code</div><div class=\"col col-9-12 _2vZqPX\" style=\"width: 562.25px; padding: 0px 0px 24px; margin: 0px; display: inline-block; vertical-align: top;\">LRSHCSLFL01619</div></div><div class=\"row\" style=\"flex-direction: row; margin: 0px; padding: 0px; width: 749.672px; color: rgb(33, 33, 33); font-family: Roboto, Arial, sans-serif; font-size: 14px;\"><div class=\"col col-3-12 _2H87wv\" style=\"width: 187.406px; padding: 0px 0px 24px; margin: 0px; display: inline-block; vertical-align: top; color: rgb(135, 135, 135);\">Closure</div><div class=\"col col-9-12 _2vZqPX\" style=\"width: 562.25px; padding: 0px 0px 24px; margin: 0px; display: inline-block; vertical-align: top;\">Button</div></div><div class=\"row\" style=\"flex-direction: row; margin: 0px; padding: 0px; width: 749.672px; color: rgb(33, 33, 33); font-family: Roboto, Arial, sans-serif; font-size: 14px;\"><div class=\"col col-3-12 _2H87wv\" style=\"width: 187.406px; padding: 0px 0px 24px; margin: 0px; display: inline-block; vertical-align: top; color: rgb(135, 135, 135);\">Fit</div><div class=\"col col-9-12 _2vZqPX\" style=\"width: 562.25px; padding: 0px 0px 24px; margin: 0px; display: inline-block; vertical-align: top;\">Slim</div></div><div class=\"row\" style=\"flex-direction: row; margin: 0px; padding: 0px; width: 749.672px; color: rgb(33, 33, 33); font-family: Roboto, Arial, sans-serif; font-size: 14px;\"><div class=\"col col-3-12 _2H87wv\" style=\"width: 187.406px; padding: 0px 0px 24px; margin: 0px; display: inline-block; vertical-align: top; color: rgb(135, 135, 135);\">Fabric</div><div class=\"col col-9-12 _2vZqPX\" style=\"width: 562.25px; padding: 0px 0px 24px; margin: 0px; display: inline-block; vertical-align: top;\">Pure Cotton</div></div><div class=\"row\" style=\"flex-direction: row; margin: 0px; padding: 0px; width: 749.672px; color: rgb(33, 33, 33); font-family: Roboto, Arial, sans-serif; font-size: 14px;\"><div class=\"col col-3-12 _2H87wv\" style=\"width: 187.406px; padding: 0px 0px 24px; margin: 0px; display: inline-block; vertical-align: top; color: rgb(135, 135, 135);\">Sleeve</div><div class=\"col col-9-12 _2vZqPX\" style=\"width: 562.25px; padding: 0px 0px 24px; margin: 0px; display: inline-block; vertical-align: top;\">Half Sleeve</div></div><div class=\"row\" style=\"flex-direction: row; margin: 0px; padding: 0px; width: 749.672px; color: rgb(33, 33, 33); font-family: Roboto, Arial, sans-serif; font-size: 14px;\"><div class=\"col col-3-12 _2H87wv\" style=\"width: 187.406px; padding: 0px 0px 24px; margin: 0px; display: inline-block; vertical-align: top; color: rgb(135, 135, 135);\">Pattern</div><div class=\"col col-9-12 _2vZqPX\" style=\"width: 562.25px; padding: 0px 0px 24px; margin: 0px; display: inline-block; vertical-align: top;\">Checkered</div></div><div class=\"row\" style=\"flex-direction: row; margin: 0px; padding: 0px; width: 749.672px; color: rgb(33, 33, 33); font-family: Roboto, Arial, sans-serif; font-size: 14px;\"><div class=\"col col-3-12 _2H87wv\" style=\"width: 187.406px; padding: 0px 0px 24px; margin: 0px; display: inline-block; vertical-align: top; color: rgb(135, 135, 135);\">Reversible</div><div class=\"col col-9-12 _2vZqPX\" style=\"width: 562.25px; padding: 0px 0px 24px; margin: 0px; display: inline-block; vertical-align: top;\">No</div></div><div class=\"row\" style=\"flex-direction: row; margin: 0px; padding: 0px; width: 749.672px; color: rgb(33, 33, 33); font-family: Roboto, Arial, sans-serif; font-size: 14px;\"><div class=\"col col-3-12 _2H87wv\" style=\"width: 187.406px; padding: 0px 0px 24px; margin: 0px; display: inline-block; vertical-align: top; color: rgb(135, 135, 135);\">Collar</div><div class=\"col col-9-12 _2vZqPX\" style=\"width: 562.25px; padding: 0px 0px 24px; margin: 0px; display: inline-block; vertical-align: top;\">Spread</div></div><div class=\"row\" style=\"flex-direction: row; margin: 0px; padding: 0px; width: 749.672px; color: rgb(33, 33, 33); font-family: Roboto, Arial, sans-serif; font-size: 14px;\"><div class=\"col col-3-12 _2H87wv\" style=\"width: 187.406px; padding: 0px 0px 24px; margin: 0px; display: inline-block; vertical-align: top; color: rgb(135, 135, 135);\">Color</div><div class=\"col col-9-12 _2vZqPX\" style=\"width: 562.25px; padding: 0px 0px 24px; margin: 0px; display: inline-block; vertical-align: top;\">Dark Blue</div></div><div class=\"row\" style=\"flex-direction: row; margin: 0px; padding: 0px; width: 749.672px; color: rgb(33, 33, 33); font-family: Roboto, Arial, sans-serif; font-size: 14px;\"><div class=\"col col-3-12 _2H87wv\" style=\"width: 187.406px; padding: 0px 0px 24px; margin: 0px; display: inline-block; vertical-align: top; color: rgb(135, 135, 135);\">Fabric Care</div><div class=\"col col-9-12 _2vZqPX\" style=\"width: 562.25px; padding: 0px 0px 24px; margin: 0px; display: inline-block; vertical-align: top;\">Gentle Machine Wash</div></div><div class=\"row\" style=\"flex-direction: row; margin: 0px; padding: 0px; width: 749.672px; color: rgb(33, 33, 33); font-family: Roboto, Arial, sans-serif; font-size: 14px;\"><div class=\"col col-3-12 _2H87wv\" style=\"width: 187.406px; padding: 0px 0px 24px; margin: 0px; display: inline-block; vertical-align: top; color: rgb(135, 135, 135);\">Suitable For</div><div class=\"col col-9-12 _2vZqPX\" style=\"width: 562.25px; padding: 0px 0px 24px; margin: 0px; display: inline-block; vertical-align: top;\">Western Wear</div><div><br></div></div>', 12.00, NULL, 1, '[]', '[]', '[\"#FF8C00\"]', NULL, 0, 1, 1, 'quantity', 1, 0, 0, 101, 'Pc', 1.00, 1, 1, 0.00, 'amount', 1612483200, 1748908740, NULL, NULL, 'free', 0.00, 0, 4, 0, 'Legendary Whitetails Men\'s Huntguard Bullfrog Technical Softshell Gaiter Hoodie', 'Navy ShirtStyle CodeLRSHCSLFL01619ClosureButtonFitSlimFabricPure CottonSleeveHalf SleevePatternCheckeredReversibleNoCollarSpreadColorDark BlueFabric CareGentle Machine WashSuitable ForWestern Wear', '51', NULL, 'legendary-whitetails-mens-huntguard-bullfrog-technical-softshell-gaiter-hoodie', 0.00, NULL, 0, 0, NULL, NULL, NULL, NULL, 0, '2023-12-14 13:12:23', '2024-01-09 14:34:25'),
('Women\'s Christmas Sweatshirt Casual Fashion Printing Long Sleeve O-Neck Pullover Top Blouse Wool Sweater, S-3XLc', 'admin', 9, 2, 4, '52,88', '88', 'youtube', NULL, 'Women\'s Christmas', '<p>\"But I must explain to you how all this mistaken idea of denouncing pleasure and praising pain was born and I will give you a complete account of the system, and expound the actual teachings of the great explorer of the truth, the master-builder of human happiness. No one rejects, dislikes, or avoids pleasure itself, because it is pleasure, but because those who do not know how to pursue pleasure rationally encounter consequences that are extremely painful. Nor again is there anyone who loves or pursues or desires to obtain pain of itself, because it is pain, but because occasionally circumstances occur in which toil and pain can procure him some great pleasure. To take a trivial example, which of us ever undertakes laborious physical exercise, except to obtain some advantage from it? But who has any right to find fault with a man who chooses to enjoy a pleasure that has no annoying consequences, or one who avoids a pain that produces no resultant pleasure?\"<br></p>', 14.99, NULL, 1, '[]', '[]', '[\"#DC143C\"]', NULL, 0, 1, 1, 'quantity', 1, 0, 0, 106, 'Pc', 1.00, 1, 1, 0.00, 'amount', 1612483200, 1748908740, NULL, NULL, 'free', 0.00, 0, 4, 0, 'Women\'s Christmas Sweatshirt Casual Fashion Printing Long Sleeve O-Neck Pullover Top Blouse Wool Sweater, S-3XLc', '\"But I must explain to you how all this mistaken idea of denouncing pleasure and praising pain was born and I will give you a complete account of the system, and expound the actual teachings of the great explorer of the truth, the master-builder of human happiness. No one rejects, dislikes, or avoids pleasure itself, because it is pleasure, but because those who do not know how to pursue pleasure rationally encounter consequences that are extremely painful. Nor again is there anyone who loves or pursues or desires to obtain pain of itself, because it is pain, but because occasionally circumstances occur in which toil and pain can procure him some great pleasure. To take a trivial example, which of us ever undertakes laborious physical exercise, except to obtain some advantage from it? But who has any right to find fault with a man who chooses to enjoy a pleasure that has no annoying consequences, or one who avoids a pain that produces no resultant pleasure?\"', '53', NULL, 'womens-christmas-sweatshirt-casual-fashion-printing-long-sleeve-o-neck-pullover-top-blouse-wool-sweater-s-3xlc', 0.00, NULL, 0, 0, NULL, NULL, NULL, NULL, 0, '2023-12-14 13:16:03', '2024-01-09 14:34:25'),
('ESR for iPhone 15 Pro Max Case with MagSafe, Supports Magnetic Charging, Slim Liquid Silicone Case, Shock Absorbing, Screen and Camera Protection, Cloud Series, Light Tan', 'admin', 9, 4, 11, '54,55,111,112', '113', 'youtube', NULL, '', '<p><span style=\"font-family: &quot;Open Sans&quot;, Arial, sans-serif; font-size: 14px; text-align: justify;\">\"On the other hand, we denounce with righteous indignation and dislike men who are so beguiled and demoralized by the charms of pleasure of the moment, so blinded by desire, that they cannot foresee the pain and trouble that are bound to ensue; and equal blame belongs to those who fail in their duty through weakness of will, which is the same as saying through shrinking from toil and pain. These cases are perfectly simple and easy to distinguish. In a free hour, when our power of choice is untrammelled and when nothing prevents our being able to do what we like best, every pleasure is to be welcomed and every pain avoided. But in certain circumstances and owing to the claims of duty or the obligations of business it will frequently occur that pleasures have to be repudiated and annoyances accepted. The wise man therefore always holds in these matters to this principle of selection: he rejects pleasures to secure other greater pleasures, or else he endures pains to avoid worse pains.\"</span><br></p>', 31.98, NULL, 1, '[]', '[]', '[\"#A9A9A9\"]', NULL, 0, 1, 1, 'quantity', 1, 0, 0, 107, 'Pc', 1.00, 1, 1, 0.00, 'amount', NULL, NULL, NULL, NULL, 'free', 0.00, 0, 4, 0, 'ESR for iPhone 15 Pro Max Case with MagSafe, Supports Magnetic Charging, Slim Liquid Silicone Case, Shock Absorbing, Screen and Camera Protection, Cloud Series, Light Tan', '\"On the other hand, we denounce with righteous indignation and dislike men who are so beguiled and demoralized by the charms of pleasure of the moment, so blinded by desire, that they cannot foresee the pain and trouble that are bound to ensue; and equal blame belongs to those who fail in their duty through weakness of will, which is the same as saying through shrinking from toil and pain. These cases are perfectly simple and easy to distinguish. In a free hour, when our power of choice is untrammelled and when nothing prevents our being able to do what we like best, every pleasure is to be welcomed and every pain avoided. But in certain circumstances and owing to the claims of duty or the obligations of business it will frequently occur that pleasures have to be repudiated and annoyances accepted. The wise man therefore always holds in these matters to this principle of selection: he rejects pleasures to secure other greater pleasures, or else he endures pains to avoid worse pains.\"', '56', NULL, 'esr-for-iphone-15-pro-max-case-with-magsafe-supports-magnetic-charging-slim-liquid-silicone-case-shock-absorbing-screen-and-camera-protection-cloud-series-light-tan', 0.00, NULL, 0, 0, NULL, NULL, NULL, NULL, 0, '2023-12-14 13:59:25', '2024-01-08 15:14:45'),
('HUAWEI Mate 50 Pro Dual-SIM 256GB ROM + 8GB RAM (Only GSM | No CDMA) Factory Unlocked 4G/LTE Smartphone (Black) - International Version', 'admin', 9, 4, 10, '57,58,90', '104', 'youtube', NULL, '', '<p><span style=\"font-family: &quot;Open Sans&quot;, Arial, sans-serif; font-size: 14px; text-align: justify;\">\"On the other hand, we denounce with righteous indignation and dislike men who are so beguiled and demoralized by the charms of pleasure of the moment, so blinded by desire, that they cannot foresee the pain and trouble that are bound to ensue; and equal blame belongs to those who fail in their duty through weakness of will, which is the same as saying through shrinking from toil and pain. These cases are perfectly simple and easy to distinguish. In a free hour, when our power of choice is untrammelled and when nothing prevents our being able to do what we like best, every pleasure is to be welcomed and every pain avoided. But in certain circumstances and owing to the claims of duty or the obligations of business it will frequently occur that pleasures have to be repudiated and annoyances accepted. The wise man therefore always holds in these matters to this principle of selection: he rejects pleasures to secure other greater pleasures, or else he endures pains to avoid worse pains.\"</span><br></p>', 34.00, NULL, 1, '[]', '[]', '[\"#FAEBD7\"]', NULL, 0, 1, 1, 'quantity', 1, 0, 0, 109, 'Pc', 1.00, 1, 1, 0.00, 'amount', 1612483200, 1748908740, NULL, NULL, 'free', 0.00, 0, 4, 0, 'HUAWEI Mate 50 Pro Dual-SIM 256GB ROM + 8GB RAM (Only GSM | No CDMA) Factory Unlocked 4G/LTE Smartphone (Black) - International Version', '\"On the other hand, we denounce with righteous indignation and dislike men who are so beguiled and demoralized by the charms of pleasure of the moment, so blinded by desire, that they cannot foresee the pain and trouble that are bound to ensue; and equal blame belongs to those who fail in their duty through weakness of will, which is the same as saying through shrinking from toil and pain. These cases are perfectly simple and easy to distinguish. In a free hour, when our power of choice is untrammelled and when nothing prevents our being able to do what we like best, every pleasure is to be welcomed and every pain avoided. But in certain circumstances and owing to the claims of duty or the obligations of business it will frequently occur that pleasures have to be repudiated and annoyances accepted. The wise man therefore always holds in these matters to this principle of selection: he rejects pleasures to secure other greater pleasures, or else he endures pains to avoid worse pains.\"', '59', NULL, 'huawei-mate-50-pro-dual-sim-256gb-rom-8gb-ram-only-gsm-no-cdma-factory-unlocked-4glte-smartphone-black-international-version', 0.00, NULL, 0, 0, NULL, NULL, NULL, NULL, 0, '2023-12-14 14:06:29', '2024-01-09 14:34:25'),
('Premium executive estate with plenty of cargo capacity', 'admin', 9, 5, 1, '60,85', '85', 'youtube', NULL, '', '<p>Premium executive estate with plenty of cargo capacity<br></p>', 12.00, NULL, 0, '[]', '[]', '[]', NULL, 0, 1, 1, 'quantity', 1, 0, 0, 0, 'Pc', 2.00, 1, 1, 0.00, 'amount', 1698796800, 1767743940, NULL, NULL, 'free', 0.00, 0, NULL, 0, 'Premium executive estate with plenty of cargo capacity', 'Premium executive estate with plenty of cargo capacity', '61', NULL, 'premium-executive-estate-with-plenty-of-cargo-capacity', 0.00, NULL, 0, 0, NULL, NULL, NULL, NULL, 0, '2023-12-14 15:22:30', '2024-01-09 14:36:51'),
('Philips Rice Cooker 0.6L', 'admin', 9, 17, NULL, '84', '114', 'youtube', NULL, '', '<h2 class=\"mb-4 fs-16 fw-700 text-dark\">Philips Rice Cooker 0.6L</h2>', 12.00, NULL, 0, '[]', '[]', '[]', NULL, 0, 1, 1, 'quantity', 1, 0, 0, 109, 'Pc', 1.00, 1, 109, 0.00, 'amount', 1698796800, 1767743940, NULL, NULL, 'free', 0.00, 0, 4, 0, 'Philips Rice Cooker 0.6L', 'Philips Rice Cooker 0.6L', '84', NULL, 'philips-rice-cooker-06l', 0.00, NULL, 0, 0, NULL, NULL, NULL, NULL, 0, '2023-12-14 15:56:49', '2024-01-09 14:36:51'),
('Philips Mixer Grinder HL7555/00', 'admin', 9, 17, NULL, '83', '103', 'youtube', NULL, '', '<h2 class=\"mb-4 fs-16 fw-700 text-dark\">Philips Mixer Grinder HL7555/00</h2>', 12.40, NULL, 0, '[]', '[]', '[]', NULL, 0, 1, 1, 'quantity', 1, 0, 0, 110, 'Pc', 1.00, 1, 110, 0.00, 'amount', 1698796800, 1767743940, NULL, NULL, 'free', 0.00, 0, 3, 0, 'Philips Mixer Grinder HL7555/00', 'Philips Mixer Grinder HL7555/00', '83', NULL, 'philips-mixer-grinder-hl755500', 0.00, NULL, 0, 0, NULL, NULL, NULL, NULL, 0, '2023-12-14 16:00:49', '2024-01-09 14:36:51'),
('Philipps Airfryer XXL', 'admin', 9, 17, NULL, '101', '102', 'youtube', NULL, '', '<h2 class=\"mb-4 fs-16 fw-700 text-dark\">Philipps Airfryer XXL</h2>', 22.00, NULL, 0, '[]', '[]', '[]', NULL, 0, 1, 1, 'quantity', 1, 0, 0, 1210, 'Pc', 1.00, 1, 1, 0.00, 'amount', 1698796800, 1767743940, NULL, NULL, 'free', 0.00, 0, 3, 0, 'Philipps Airfryer XXL', 'Philipps Airfryer XXL', '82', NULL, 'philipps-airfryer-xxl', 0.00, NULL, 0, 0, NULL, NULL, NULL, NULL, 0, '2023-12-14 16:02:05', '2024-01-09 14:36:51'),
( 'Disney Men\'s Mickey and Friends Button Down Shirt', 'admin', 9, 1, NULL, '80', '95', 'youtube', NULL, '', NULL, 12.00, NULL, 0, '[]', '[]', '[]', NULL, 1, 1, 1, 'quantity', 1, 0, 0, 123, 'Pc', 1.00, 1, 1, 0.00, 'amount', NULL, NULL, NULL, NULL, 'free', 0.00, 0, NULL, 0, 'Disney Men\'s Mickey and Friends Button Down Shirt', '', '80', NULL, 'disney-mens-mickey-and-friends-button-down-shirt', 0.00, NULL, 0, 0, NULL, NULL, NULL, NULL, 0, '2023-12-14 16:06:04', '2024-01-08 14:38:57'),
( 'The Children\'s Place Women\'s Fall Plaid Long Sleeve Dress', 'admin', 9, 2, NULL, '97', '98', 'youtube', NULL, '', '<h2 class=\"mb-2 fs-16 fw-700 text-dark\">The Children\'s Place Women\'s Fall Plaid Long Sleeve Dress</h2>', 12.00, NULL, 0, '[]', '[]', '[]', NULL, 1, 1, 1, 'quantity', 1, 0, 0, 128, 'Pc', 1.00, 1, 1, 0.00, 'amount', NULL, NULL, NULL, NULL, 'free', 0.00, 0, 3, 0, 'The Children\'s Place Women\'s Fall Plaid Long Sleeve Dress', 'The Children\'s Place Women\'s Fall Plaid Long Sleeve Dress', '81', NULL, 'the-childrens-place-womens-fall-plaid-long-sleeve-dress', 0.00, NULL, 0, 0, NULL, NULL, NULL, NULL, 0, '2023-12-14 16:07:34', '2024-01-08 14:41:05'),
( 'Berne Men\'s Heritage Thermal-Lined Full-Zip Hooded Sweatshirt', 'seller', 3, 1, NULL, '108,109', '110', 'youtube', NULL, '', NULL, 12.00, NULL, 0, '[]', '[]', '[]', NULL, 1, 1, 1, 'quantity', 1, 0, 0, 120, 'pc', 1.00, 1, 1, 0.00, 'amount', 1698796800, 1767743940, NULL, NULL, 'free', 0.00, 0, NULL, 0, 'Berne Men\'s Heritage Thermal-Lined Full-Zip Hooded Sweatshirt', '', '110', NULL, 'berne-mens-heritage-thermal-lined-full-zip-hooded-sweatshirt', 0.00, NULL, 0, 0, NULL, NULL, NULL, NULL, 0, '2023-12-14 16:59:08', '2024-01-09 14:36:51'),
( 'Self Design, Embellished, Embroidered Satin Blend, Net Semi Stitched Flared/A-line Gown', 'seller', 3, 2, NULL, '106,107', '105', 'youtube', NULL, '', NULL, 15.30, NULL, 0, '[]', '[]', '[]', NULL, 1, 1, 1, 'quantity', 1, 0, 0, 125, 'pc', 1.00, 1, 1, 0.00, 'amount', 1609459200, 1735689600, NULL, NULL, 'free', 0.00, 0, NULL, 0, 'Self Design, Embellished, Embroidered Satin Blend, Net Semi Stitched Flared/A-line Gown', '', '105', NULL, 'self-design-embellished-embroidered-satin-blend-net-semi-stitched-flareda-line-gown', 0.00, NULL, 0, 0, NULL, NULL, NULL, NULL, 0, '2023-12-14 17:00:45', '2024-01-08 15:09:38'),
( 'VredeVogel Women\'s Cotton Silk Blend Straight Kurta with Trouser Pant & Banarasi Silk Dupatta', 'seller', 3, 2, NULL, '91', '92', 'youtube', NULL, '', NULL, 12.23, NULL, 0, '[]', '[]', '[]', NULL, 1, 1, 1, 'quantity', 1, 0, 0, 129, 'pc', 1.00, 1, 1, 0.00, 'amount', 1609459200, 1735689600, NULL, NULL, 'free', 0.00, 0, NULL, 0, 'VredeVogel Women\'s Cotton Silk Blend Straight Kurta with Trouser Pant & Banarasi Silk Dupatta', '', '91', NULL, 'vredevogel-womens-cotton-silk-blend-straight-kurta-with-trouser-pant-banarasi-silk-dupatta', 0.00, NULL, 0, 0, NULL, NULL, NULL, NULL, 0, '2023-12-14 17:04:11', '2024-01-08 14:33:17'),
( 'Adidas Fitness Tights for Women', 'seller', 3, 2, NULL, '87', '93', 'youtube', NULL, '', NULL, 13.30, NULL, 0, '[]', '[]', '[]', NULL, 1, 1, 1, 'quantity', 1, 0, 0, 227, 'pc', 1.00, 1, 1, 0.00, 'amount', 1698796800, 1767743940, NULL, NULL, 'free', 0.00, 0, 3, 0, 'Adidas Fitness Tights for Women', '', '87', NULL, 'adidas-fitness-tights-for-women', 0.00, NULL, 0, 0, NULL, NULL, NULL, NULL, 0, '2023-12-14 17:18:23', '2024-01-09 14:36:51'),
( 'Adidas Men\'s Originals Poly Tape Shorts', 'seller', 3, 1, 14, '86', '94', 'youtube', NULL, '', NULL, 12.22, NULL, 0, '[]', '[]', '[]', NULL, 0, 1, 1, 'quantity', 1, 0, 0, 0, 'pc', 1.00, 1, 1, 0.00, 'amount', 1698796800, 1767743940, NULL, NULL, 'free', 0.00, 0, 5, 0, 'Adidas Men\'s Originals Poly Tape Shorts', '', '86', NULL, 'adidas-mens-originals-poly-tape-shorts', 0.00, NULL, 0, 0, NULL, NULL, NULL, NULL, 0, '2023-12-14 17:22:25', '2024-01-09 14:36:51'),
( 'AirPods Max', 'seller', 3, 4, NULL, '99', '100', 'youtube', NULL, '', NULL, 21.32, NULL, 0, '[]', '[]', '[]', NULL, 1, 1, 1, 'quantity', 1, 0, 0, 229, 'pc', 1.00, 1, 1, 0.00, 'amount', 1698796800, 1767743940, NULL, NULL, 'free', 0.00, 0, 4, 0, 'AirPods Max', '', '79', NULL, 'airpods-max', 0.00, NULL, 0, 0, NULL, NULL, NULL, NULL, 0, '2023-12-14 17:25:12', '2024-01-09 14:36:52'),
( 'Apple - AirPods Max', 'admin', 9, 4, NULL, '77', '78', 'youtube', NULL, '', '<h2 class=\"mb-4 fs-16 fw-700 text-dark\">Apple - AirPods Max</h2>', 12.00, NULL, 0, '[]', '[]', '[]', NULL, 0, 1, 1, 'quantity', 1, 0, 0, 198, 'Pc', 1.00, 1, 1, 0.00, 'amount', 1609459200, 1735689600, NULL, NULL, 'free', 0.00, 0, 4, 0, 'Apple - AirPods Max', 'Apple - AirPods Max', '78', NULL, 'apple-airpods-max', 0.00, NULL, 0, 0, NULL, NULL, NULL, NULL, 0, '2023-12-17 15:24:38', '2024-01-08 12:29:26'),
( 'OtterBox Symmetry Fitted Hard Shell Case for iPhone 15 Pro Max', 'admin', 9, 4, NULL, '76', '76', 'youtube', NULL, '', '<h2 class=\"mb-4 fs-16 fw-700 text-dark\">OtterBox Symmetry Fitted Hard Shell Case for iPhone 15 Pro Max</h2>', 13.43, NULL, 0, '[]', '[]', '[]', NULL, 0, 1, 1, 'quantity', 1, 0, 0, 235, 'Pc', 1.00, 1, 1, 0.00, 'amount', 1698796800, 1767743940, NULL, NULL, 'free', 0.00, 0, 4, 0, 'OtterBox Symmetry Fitted Hard Shell Case for iPhone 15 Pro Max', 'OtterBox Symmetry Fitted Hard Shell Case for iPhone 15 Pro Max', '76', NULL, 'otterbox-symmetry-fitted-hard-shell-case-for-iphone-15-pro-max', 0.00, NULL, 0, 0, NULL, NULL, NULL, NULL, 0, '2023-12-17 15:26:12', '2024-01-09 14:36:52'),
( 'Men\'s Hoodies', 'admin', 9, 1, NULL, '75', '75', 'youtube', NULL, '', '<h2 class=\"mb-4 fs-16 fw-700 text-dark\">Men\'s Hoodies</h2>', 12.34, NULL, 0, '[]', '[]', '[]', NULL, 0, 1, 1, 'quantity', 1, 0, 0, 120, 'Pc', 1.00, 1, 1, 0.00, 'amount', 1698796800, 1767743940, NULL, NULL, 'free', 0.00, 0, 5, 0, 'Men\'s Hoodies', 'Men\'s Hoodies', '75', NULL, 'mens-hoodies', 0.00, NULL, 0, 0, NULL, NULL, NULL, NULL, 0, '2023-12-17 15:58:39', '2024-01-09 14:36:52'),
( 'Fleck Splash Round Kitchen Mat', 'admin', 9, 17, NULL, '74', '74', 'youtube', NULL, '', '<h2 class=\"mb-4 fs-16 fw-700 text-dark\">Fleck Splash Round Kitchen Mat</h2>', 5.43, NULL, 0, '[]', '[]', '[]', NULL, 1, 1, 1, 'quantity', 1, 0, 0, 299, 'Pc', 1.00, 1, 1, 0.00, 'amount', 1651017600, 1745798399, NULL, NULL, 'free', 0.00, 0, 4, 0, 'Fleck Splash Round Kitchen Mat', 'Fleck Splash Round Kitchen Mat', '74', NULL, 'fleck-splash-round-kitchen-mat', 0.00, NULL, 0, 0, NULL, NULL, NULL, NULL, 0, '2023-12-17 16:14:58', '2024-01-08 12:22:08'),
( '2 Piece Wellness Anti-Fatigue Mat Set', 'admin', 9, 17, NULL, '73', '73', 'youtube', NULL, '', '<h2 class=\"mb-4 fs-16 fw-700 text-dark\">2 Piece Wellness Anti-Fatigue Mat Set</h2>', 5.32, NULL, 0, '[]', '[]', '[]', NULL, 1, 1, 1, 'quantity', 1, 0, 0, 233, 'Pc', 1.00, 1, 1, 0.00, 'amount', 1651017600, 1745798399, NULL, NULL, 'free', 0.00, 0, 2, 0, '2 Piece Wellness Anti-Fatigue Mat Set', '2 Piece Wellness Anti-Fatigue Mat Set', '73', NULL, '2-piece-wellness-anti-fatigue-mat-set', 0.00, NULL, 0, 0, NULL, NULL, NULL, NULL, 0, '2023-12-17 16:21:19', '2024-01-08 12:20:40');



INSERT INTO `product_categories` (`product_id`, `category_id`) VALUES
(1, 1),
(1, 8),
(1, 9),
(1, 48),
(2, 2),
(2, 6),
(2, 7),
(2, 47),
(3, 4),
(3, 10),
(3, 11),
(3, 25),
(4, 4),
(4, 10),
(4, 11),
(4, 25),
(5, 5),
(5, 12),
(5, 13),
(6, 17),
(6, 28),
(6, 29),
(6, 30),
(6, 31),
(7, 17),
(7, 28),
(7, 29),
(7, 30),
(7, 31),
(8, 17),
(8, 28),
(8, 29),
(8, 30),
(8, 31),
(9, 1),
(9, 8),
(9, 9),
(9, 48),
(10, 2),
(10, 6),
(10, 7),
(10, 47),
(11, 1),
(11, 8),
(11, 9),
(11, 48),
(12, 2),
(12, 6),
(12, 7),
(12, 47),
(13, 2),
(13, 6),
(13, 7),
(13, 47),
(14, 2),
(14, 6),
(14, 7),
(14, 47),
(15, 1),
(15, 8),
(15, 9),
(15, 48),
(16, 4),
(16, 10),
(16, 11),
(16, 25),
(17, 4),
(17, 10),
(17, 11),
(17, 25),
(18, 4),
(18, 10),
(18, 11),
(18, 25),
(19, 1),
(19, 8),
(19, 9),
(19, 48),
(20, 17),
(20, 28),
(20, 29),
(20, 30),
(20, 31),
(21, 17),
(21, 28),
(21, 29),
(21, 30),
(21, 31);


INSERT INTO `product_stocks` (`product_id`, `variant`, `sku`, `price`, `qty`, `image`, `created_at`, `updated_at`) VALUES
(21, '', NULL, 5.32, 233, NULL, '2024-01-08 12:20:40', '2024-01-08 12:20:40'),
(20, '', NULL, 5.43, 299, NULL, '2024-01-08 12:22:08', '2024-01-08 12:22:08'),
(19, '', NULL, 12.34, 120, NULL, '2024-01-08 12:26:37', '2024-01-08 12:26:37'),
(18, '', NULL, 13.43, 235, NULL, '2024-01-08 12:28:24', '2024-01-08 12:28:24'),
(17, '', NULL, 12.00, 198, NULL, '2024-01-08 12:29:26', '2024-01-08 12:29:26'),
(5, '', NULL, 12.00, 0, NULL, '2024-01-08 13:35:57', '2024-01-08 13:35:57'),
(2, 'Crimson', NULL, 15.00, 106, NULL, '2024-01-08 14:15:19', '2024-01-08 14:15:19'),
(1, 'DarkOrange', NULL, 12.00, 101, NULL, '2024-01-08 14:17:06', '2024-01-08 14:17:06'),
(13, '', NULL, 12.23, 129, NULL, '2024-01-08 14:33:17', '2024-01-08 14:33:17'),
(14, '', NULL, 13.30, 227, NULL, '2024-01-08 14:35:00', '2024-01-08 14:35:00'),
(15, '', NULL, 12.22, 0, NULL, '2024-01-08 14:37:31', '2024-01-08 14:37:31'),
(9, '', NULL, 12.00, 123, NULL, '2024-01-08 14:39:12', '2024-01-08 14:39:12'),
(10, '', NULL, 12.00, 128, NULL, '2024-01-08 14:41:05', '2024-01-08 14:41:05'),
(16, '', NULL, 21.32, 229, NULL, '2024-01-08 14:47:34', '2024-01-08 14:47:34'),
(8, '', NULL, 22.00, 1210, NULL, '2024-01-08 14:49:21', '2024-01-08 14:49:21'),
(7, '', NULL, 12.40, 110, NULL, '2024-01-08 14:51:09', '2024-01-08 14:51:09'),
(4, 'AntiqueWhite', NULL, 34.00, 109, NULL, '2024-01-08 15:05:45', '2024-01-08 15:05:45'),
(12, '', NULL, 15.30, 125, NULL, '2024-01-08 15:09:38', '2024-01-08 15:09:38'),
(11, '', NULL, 12.00, 120, NULL, '2024-01-08 15:12:38', '2024-01-08 15:12:38'),
(3, 'DarkGray', NULL, 3.00, 107, NULL, '2024-01-08 15:14:45', '2024-01-08 15:14:45'),
(6, '', NULL, 12.00, 109, NULL, '2024-01-08 15:17:03', '2024-01-08 15:17:03');


INSERT INTO `product_taxes` (`product_id`, `tax_id`, `tax`, `tax_type`, `created_at`, `updated_at`) VALUES
(21, 3, 0.00, 'amount', '2024-01-08 12:20:40', '2024-01-08 12:20:40'),
(20, 3, 0.00, 'amount', '2024-01-08 12:22:08', '2024-01-08 12:22:08'),
(19, 3, 0.00, 'amount', '2024-01-08 12:26:37', '2024-01-08 12:26:37'),
(18, 3, 0.00, 'amount', '2024-01-08 12:28:24', '2024-01-08 12:28:24'),
(17, 3, 0.00, 'amount', '2024-01-08 12:29:26', '2024-01-08 12:29:26'),
(5, 3, 0.00, 'amount', '2024-01-08 13:35:57', '2024-01-08 13:35:57'),
(2, 3, 0.00, 'amount', '2024-01-08 14:15:19', '2024-01-08 14:15:19'),
(1, 3, 0.00, 'amount', '2024-01-08 14:17:06', '2024-01-08 14:17:06'),
(13, 3, 0.00, 'amount', '2024-01-08 14:33:17', '2024-01-08 14:33:17'),
(14, 3, 0.00, 'amount', '2024-01-08 14:35:00', '2024-01-08 14:35:00'),
(15, 3, 0.00, 'amount', '2024-01-08 14:37:31', '2024-01-08 14:37:31'),
(9, 3, 0.00, 'amount', '2024-01-08 14:39:12', '2024-01-08 14:39:12'),
(10, 3, 0.00, 'amount', '2024-01-08 14:41:05', '2024-01-08 14:41:05'),
(16, 3, 0.00, 'amount', '2024-01-08 14:47:34', '2024-01-08 14:47:34'),
(8, 3, 0.00, 'amount', '2024-01-08 14:49:22', '2024-01-08 14:49:22'),
(7, 3, 0.00, 'amount', '2024-01-08 14:51:09', '2024-01-08 14:51:09'),
(4, 3, 0.00, 'amount', '2024-01-08 15:05:45', '2024-01-08 15:05:45'),
(12, 3, 0.00, 'amount', '2024-01-08 15:09:38', '2024-01-08 15:09:38'),
(11, 3, 0.00, 'amount', '2024-01-08 15:12:38', '2024-01-08 15:12:38'),
(3, 3, 0.00, 'amount', '2024-01-08 15:14:45', '2024-01-08 15:14:45'),
(6, 3, 0.00, 'amount', '2024-01-08 15:17:03', '2024-01-08 15:17:03');


INSERT INTO `product_translations` (`product_id`, `name`, `unit`, `description`, `lang`, `created_at`, `updated_at`) VALUES
(1, 'Legendary Whitetails Men\'s Huntguard Bullfrog Technical Softshell Gaiter Hoodie', 'Pc', '<div class=\"row\" style=\"flex-direction: row; margin: 0px; padding: 0px; width: 749.672px; color: rgb(33, 33, 33); font-family: Roboto, Arial, sans-serif; font-size: 14px;\"><div class=\"col col-9-12 _2vZqPX\" style=\"width: 562.25px; padding: 0px 0px 24px; margin: 0px; display: inline-block; vertical-align: top;\">Navy Shirt</div></div><div class=\"row\" style=\"flex-direction: row; margin: 0px; padding: 0px; width: 749.672px; color: rgb(33, 33, 33); font-family: Roboto, Arial, sans-serif; font-size: 14px;\"><div class=\"col col-3-12 _2H87wv\" style=\"width: 187.406px; padding: 0px 0px 24px; margin: 0px; display: inline-block; vertical-align: top; color: rgb(135, 135, 135);\">Style Code</div><div class=\"col col-9-12 _2vZqPX\" style=\"width: 562.25px; padding: 0px 0px 24px; margin: 0px; display: inline-block; vertical-align: top;\">LRSHCSLFL01619</div></div><div class=\"row\" style=\"flex-direction: row; margin: 0px; padding: 0px; width: 749.672px; color: rgb(33, 33, 33); font-family: Roboto, Arial, sans-serif; font-size: 14px;\"><div class=\"col col-3-12 _2H87wv\" style=\"width: 187.406px; padding: 0px 0px 24px; margin: 0px; display: inline-block; vertical-align: top; color: rgb(135, 135, 135);\">Closure</div><div class=\"col col-9-12 _2vZqPX\" style=\"width: 562.25px; padding: 0px 0px 24px; margin: 0px; display: inline-block; vertical-align: top;\">Button</div></div><div class=\"row\" style=\"flex-direction: row; margin: 0px; padding: 0px; width: 749.672px; color: rgb(33, 33, 33); font-family: Roboto, Arial, sans-serif; font-size: 14px;\"><div class=\"col col-3-12 _2H87wv\" style=\"width: 187.406px; padding: 0px 0px 24px; margin: 0px; display: inline-block; vertical-align: top; color: rgb(135, 135, 135);\">Fit</div><div class=\"col col-9-12 _2vZqPX\" style=\"width: 562.25px; padding: 0px 0px 24px; margin: 0px; display: inline-block; vertical-align: top;\">Slim</div></div><div class=\"row\" style=\"flex-direction: row; margin: 0px; padding: 0px; width: 749.672px; color: rgb(33, 33, 33); font-family: Roboto, Arial, sans-serif; font-size: 14px;\"><div class=\"col col-3-12 _2H87wv\" style=\"width: 187.406px; padding: 0px 0px 24px; margin: 0px; display: inline-block; vertical-align: top; color: rgb(135, 135, 135);\">Fabric</div><div class=\"col col-9-12 _2vZqPX\" style=\"width: 562.25px; padding: 0px 0px 24px; margin: 0px; display: inline-block; vertical-align: top;\">Pure Cotton</div></div><div class=\"row\" style=\"flex-direction: row; margin: 0px; padding: 0px; width: 749.672px; color: rgb(33, 33, 33); font-family: Roboto, Arial, sans-serif; font-size: 14px;\"><div class=\"col col-3-12 _2H87wv\" style=\"width: 187.406px; padding: 0px 0px 24px; margin: 0px; display: inline-block; vertical-align: top; color: rgb(135, 135, 135);\">Sleeve</div><div class=\"col col-9-12 _2vZqPX\" style=\"width: 562.25px; padding: 0px 0px 24px; margin: 0px; display: inline-block; vertical-align: top;\">Half Sleeve</div></div><div class=\"row\" style=\"flex-direction: row; margin: 0px; padding: 0px; width: 749.672px; color: rgb(33, 33, 33); font-family: Roboto, Arial, sans-serif; font-size: 14px;\"><div class=\"col col-3-12 _2H87wv\" style=\"width: 187.406px; padding: 0px 0px 24px; margin: 0px; display: inline-block; vertical-align: top; color: rgb(135, 135, 135);\">Pattern</div><div class=\"col col-9-12 _2vZqPX\" style=\"width: 562.25px; padding: 0px 0px 24px; margin: 0px; display: inline-block; vertical-align: top;\">Checkered</div></div><div class=\"row\" style=\"flex-direction: row; margin: 0px; padding: 0px; width: 749.672px; color: rgb(33, 33, 33); font-family: Roboto, Arial, sans-serif; font-size: 14px;\"><div class=\"col col-3-12 _2H87wv\" style=\"width: 187.406px; padding: 0px 0px 24px; margin: 0px; display: inline-block; vertical-align: top; color: rgb(135, 135, 135);\">Reversible</div><div class=\"col col-9-12 _2vZqPX\" style=\"width: 562.25px; padding: 0px 0px 24px; margin: 0px; display: inline-block; vertical-align: top;\">No</div></div><div class=\"row\" style=\"flex-direction: row; margin: 0px; padding: 0px; width: 749.672px; color: rgb(33, 33, 33); font-family: Roboto, Arial, sans-serif; font-size: 14px;\"><div class=\"col col-3-12 _2H87wv\" style=\"width: 187.406px; padding: 0px 0px 24px; margin: 0px; display: inline-block; vertical-align: top; color: rgb(135, 135, 135);\">Collar</div><div class=\"col col-9-12 _2vZqPX\" style=\"width: 562.25px; padding: 0px 0px 24px; margin: 0px; display: inline-block; vertical-align: top;\">Spread</div></div><div class=\"row\" style=\"flex-direction: row; margin: 0px; padding: 0px; width: 749.672px; color: rgb(33, 33, 33); font-family: Roboto, Arial, sans-serif; font-size: 14px;\"><div class=\"col col-3-12 _2H87wv\" style=\"width: 187.406px; padding: 0px 0px 24px; margin: 0px; display: inline-block; vertical-align: top; color: rgb(135, 135, 135);\">Color</div><div class=\"col col-9-12 _2vZqPX\" style=\"width: 562.25px; padding: 0px 0px 24px; margin: 0px; display: inline-block; vertical-align: top;\">Dark Blue</div></div><div class=\"row\" style=\"flex-direction: row; margin: 0px; padding: 0px; width: 749.672px; color: rgb(33, 33, 33); font-family: Roboto, Arial, sans-serif; font-size: 14px;\"><div class=\"col col-3-12 _2H87wv\" style=\"width: 187.406px; padding: 0px 0px 24px; margin: 0px; display: inline-block; vertical-align: top; color: rgb(135, 135, 135);\">Fabric Care</div><div class=\"col col-9-12 _2vZqPX\" style=\"width: 562.25px; padding: 0px 0px 24px; margin: 0px; display: inline-block; vertical-align: top;\">Gentle Machine Wash</div></div><div class=\"row\" style=\"flex-direction: row; margin: 0px; padding: 0px; width: 749.672px; color: rgb(33, 33, 33); font-family: Roboto, Arial, sans-serif; font-size: 14px;\"><div class=\"col col-3-12 _2H87wv\" style=\"width: 187.406px; padding: 0px 0px 24px; margin: 0px; display: inline-block; vertical-align: top; color: rgb(135, 135, 135);\">Suitable For</div><div class=\"col col-9-12 _2vZqPX\" style=\"width: 562.25px; padding: 0px 0px 24px; margin: 0px; display: inline-block; vertical-align: top;\">Western Wear</div><div><br></div></div>', 'en', '2023-12-14 13:12:23', '2023-12-14 13:12:23'),
(2, 'Women\'s Christmas Sweatshirt Casual Fashion Printing Long Sleeve O-Neck Pullover Top Blouse Wool Sweater, S-3XLc', 'Pc', '<p>\"But I must explain to you how all this mistaken idea of denouncing pleasure and praising pain was born and I will give you a complete account of the system, and expound the actual teachings of the great explorer of the truth, the master-builder of human happiness. No one rejects, dislikes, or avoids pleasure itself, because it is pleasure, but because those who do not know how to pursue pleasure rationally encounter consequences that are extremely painful. Nor again is there anyone who loves or pursues or desires to obtain pain of itself, because it is pain, but because occasionally circumstances occur in which toil and pain can procure him some great pleasure. To take a trivial example, which of us ever undertakes laborious physical exercise, except to obtain some advantage from it? But who has any right to find fault with a man who chooses to enjoy a pleasure that has no annoying consequences, or one who avoids a pain that produces no resultant pleasure?\"<br></p>', 'en', '2023-12-14 13:16:03', '2023-12-14 13:16:03'),
(3, 'ESR for iPhone 15 Pro Max Case with MagSafe, Supports Magnetic Charging, Slim Liquid Silicone Case, Shock Absorbing, Screen and Camera Protection, Cloud Series, Light Tan', 'Pc', '<p><span style=\"font-family: &quot;Open Sans&quot;, Arial, sans-serif; font-size: 14px; text-align: justify;\">\"On the other hand, we denounce with righteous indignation and dislike men who are so beguiled and demoralized by the charms of pleasure of the moment, so blinded by desire, that they cannot foresee the pain and trouble that are bound to ensue; and equal blame belongs to those who fail in their duty through weakness of will, which is the same as saying through shrinking from toil and pain. These cases are perfectly simple and easy to distinguish. In a free hour, when our power of choice is untrammelled and when nothing prevents our being able to do what we like best, every pleasure is to be welcomed and every pain avoided. But in certain circumstances and owing to the claims of duty or the obligations of business it will frequently occur that pleasures have to be repudiated and annoyances accepted. The wise man therefore always holds in these matters to this principle of selection: he rejects pleasures to secure other greater pleasures, or else he endures pains to avoid worse pains.\"</span><br></p>', 'en', '2023-12-14 13:59:25', '2023-12-14 13:59:25'),
(4, 'HUAWEI Mate 50 Pro Dual-SIM 256GB ROM + 8GB RAM (Only GSM | No CDMA) Factory Unlocked 4G/LTE Smartphone (Black) - International Version', 'Pc', '<p><span style=\"font-family: &quot;Open Sans&quot;, Arial, sans-serif; font-size: 14px; text-align: justify;\">\"On the other hand, we denounce with righteous indignation and dislike men who are so beguiled and demoralized by the charms of pleasure of the moment, so blinded by desire, that they cannot foresee the pain and trouble that are bound to ensue; and equal blame belongs to those who fail in their duty through weakness of will, which is the same as saying through shrinking from toil and pain. These cases are perfectly simple and easy to distinguish. In a free hour, when our power of choice is untrammelled and when nothing prevents our being able to do what we like best, every pleasure is to be welcomed and every pain avoided. But in certain circumstances and owing to the claims of duty or the obligations of business it will frequently occur that pleasures have to be repudiated and annoyances accepted. The wise man therefore always holds in these matters to this principle of selection: he rejects pleasures to secure other greater pleasures, or else he endures pains to avoid worse pains.\"</span><br></p>', 'en', '2023-12-14 14:06:29', '2023-12-14 14:06:29'),
(5, 'Premium executive estate with plenty of cargo capacity', 'Pc', '<p>Premium executive estate with plenty of cargo capacity<br></p>', 'en', '2023-12-14 15:22:30', '2023-12-14 15:22:30'),
(6, 'Philips Rice Cooker 0.6L', 'Pc', '<h2 class=\"mb-4 fs-16 fw-700 text-dark\">Philips Rice Cooker 0.6L</h2>', 'en', '2023-12-14 15:56:49', '2023-12-14 15:56:49'),
(7, 'Philips Mixer Grinder HL7555/00', 'Pc', '<h2 class=\"mb-4 fs-16 fw-700 text-dark\">Philips Mixer Grinder HL7555/00</h2>', 'en', '2023-12-14 16:00:49', '2023-12-14 16:00:49'),
(8, 'Philipps Airfryer XXL', 'Pc', '<h2 class=\"mb-4 fs-16 fw-700 text-dark\">Philipps Airfryer XXL</h2>', 'en', '2023-12-14 16:02:06', '2023-12-14 16:02:06'),
(9, 'Disney Men\'s Mickey and Friends Button Down Shirt', 'Pc', NULL, 'en', '2023-12-14 16:06:04', '2023-12-14 16:06:04'),
(10, 'The Children\'s Place Women\'s Fall Plaid Long Sleeve Dress', 'Pc', '<h2 class=\"mb-2 fs-16 fw-700 text-dark\">The Children\'s Place Women\'s Fall Plaid Long Sleeve Dress</h2>', 'en', '2023-12-14 16:07:34', '2023-12-14 16:07:34'),
(11, 'Berne Men\'s Heritage Thermal-Lined Full-Zip Hooded Sweatshirt', 'pc', NULL, 'en', '2023-12-14 16:59:09', '2023-12-14 16:59:09'),
(12, 'Self Design, Embellished, Embroidered Satin Blend, Net Semi Stitched Flared/A-line Gown', 'pc', NULL, 'en', '2023-12-14 17:00:45', '2023-12-14 17:00:45'),
(13, 'VredeVogel Women\'s Cotton Silk Blend Straight Kurta with Trouser Pant & Banarasi Silk Dupatta', 'pc', NULL, 'en', '2023-12-14 17:04:11', '2023-12-14 17:04:11'),
(14, 'Adidas Fitness Tights for Women', 'pc', NULL, 'en', '2023-12-14 17:18:23', '2023-12-14 17:18:23'),
(15, 'Adidas Men\'s Originals Poly Tape Shorts', 'pc', NULL, 'en', '2023-12-14 17:22:25', '2023-12-14 17:22:25'),
(16, 'AirPods Max', 'pc', NULL, 'en', '2023-12-14 17:25:12', '2023-12-14 17:25:12'),
(17, 'Apple - AirPods Max', 'Pc', '<h2 class=\"mb-4 fs-16 fw-700 text-dark\">Apple - AirPods Max</h2>', 'en', '2023-12-17 15:24:39', '2023-12-17 15:24:39'),
(18, 'OtterBox Symmetry Fitted Hard Shell Case for iPhone 15 Pro Max', 'Pc', '<h2 class=\"mb-4 fs-16 fw-700 text-dark\">OtterBox Symmetry Fitted Hard Shell Case for iPhone 15 Pro Max</h2>', 'en', '2023-12-17 15:26:12', '2023-12-17 15:26:12'),
(29, 'Men\'s Hoodies', 'Pc', '<h2 class=\"mb-4 fs-16 fw-700 text-dark\">Men\'s Hoodies</h2>', 'en', '2023-12-17 15:58:39', '2023-12-17 15:58:39'),
(20, 'Fleck Splash Round Kitchen Mat', 'Pc', '<h2 class=\"mb-4 fs-16 fw-700 text-dark\">Fleck Splash Round Kitchen Mat</h2>', 'en', '2023-12-17 16:14:58', '2023-12-17 16:14:58'),
(21, '2 Piece Wellness Anti-Fatigue Mat Set', 'Pc', '<h2 class=\"mb-4 fs-16 fw-700 text-dark\">2 Piece Wellness Anti-Fatigue Mat Set</h2>', 'en', '2023-12-17 16:21:19', '2023-12-17 16:21:19');


INSERT INTO `uploads` (`file_original_name`, `file_name`, `user_id`, `file_size`, `extension`, `type`, `external_link`, `created_at`, `updated_at`, `deleted_at`) VALUES
('Mask Group 67', 'uploads/all/6iPWi04Bqdy2Sp95gWyq6EUZDlmHgZOtDHN2CPDv.png', 9, 776, 'png', 'image', NULL, '2023-12-12 15:12:17', '2024-01-04 17:04:55', '2024-01-04 17:04:55'),
('Mask Group 66', 'uploads/all/Nzb78Elt6YYsuK2L8Nnfli2lRykvUwoizsPOXc9z.png', 9, 753, 'png', 'image', NULL, '2023-12-12 15:12:58', '2024-01-04 17:04:40', '2024-01-04 17:04:40'),
('Mask Group 62', 'uploads/all/sV2AREbwXXn7mBcVq7Lzh3TA6rjIyaxDynenrajR.png', 9, 713, 'png', 'image', NULL, '2023-12-12 15:14:00', '2024-01-04 17:04:40', '2024-01-04 17:04:40'),
('1YZAY1dFiqBXZtEbHIBSBeKyTM5n6Ylk9fVSsJTO', 'uploads/all/3aGB2iKyKP7kuwYkEDRPEiLQ1y628v6Xm42qir8T.webp', 9, 22416, 'webp', 'image', NULL, '2023-12-12 15:24:04', '2024-01-04 17:04:40', '2024-01-04 17:04:40'),
('sY9upW7zlKDDx3CTxnE3h1uv89fbPU9JBGbbnjF2', 'uploads/all/E78UqCQdCSaZEi3GOM8BYZJ0yOELWKh0aqgU2itJ.webp', 9, 18502, 'webp', 'image', NULL, '2023-12-12 15:24:06', '2024-01-04 17:04:40', '2024-01-04 17:04:40'),
('K11jEaa22um8nGJD5niqHNNTHYZtV0iGLng26x2Y', 'uploads/all/cykPeQgNAMZYupp2OFHswe51I2QYoVfl4Mwa3afe.webp', 9, 22388, 'webp', 'image', NULL, '2023-12-12 15:24:07', '2024-01-04 17:04:40', '2024-01-04 17:04:40'),
('SE5RmXlnnn7IGCueKcCC3bSb6VMbpRKCQ9Uj73im', 'uploads/all/3XaCGM7zNsz71EykOAlfkgjc2YMCWz4eNI9sHcuR.webp', 9, 2608, 'webp', 'image', NULL, '2023-12-12 15:30:02', '2024-01-04 17:04:39', '2024-01-04 17:04:39'),
('8epyndbgfapwj0RYIU5mMDUk88yFYWjffqLOQMFD', 'uploads/all/pOVGObLt2IvAPTaQUQj6vAoqPMhCX33AscKWtYoD.webp', 9, 1886, 'webp', 'image', NULL, '2023-12-12 15:31:24', '2024-01-04 17:04:39', '2024-01-04 17:04:39'),
('bKhJ65lemcinqfk74DbPolIMUL6jY4rUZ5TqtXQw', 'uploads/all/wSXGC92gRhj9ltDkFaqXmvMOAQ5y4M9IGIEX1ULG.webp', 9, 978, 'webp', 'image', NULL, '2023-12-12 15:32:14', '2024-01-04 17:04:39', '2024-01-04 17:04:39'),
('STjCG9CvTjAf6RsZZvlmehNpqoQwERbljj9ZEiH1', 'uploads/all/3DgiLjTlN6jYue5IpSVeXkMqfx0WZg5XotU7wkIB.webp', 9, 3500, 'webp', 'image', NULL, '2023-12-12 15:33:33', '2024-01-04 17:04:39', '2024-01-04 17:04:39'),
('Bd9U1KTG1ibDXAnq5pCxNQEueJUAFd4Gtd9IVmT6', 'uploads/all/mL56m1EzHCd4nCoIoZPOt1uxbSF0ebUnNMvkQTGN.webp', 9, 1492, 'webp', 'image', NULL, '2023-12-12 16:00:32', '2024-01-04 17:04:39', '2024-01-04 17:04:39'),
('CVo1G2QVpVtSoZlmCvC0l4hL9WIiWLlTQf6XclMC', 'uploads/all/OOgvxrm84Nx4PjB06TfXmutl0OxYPUYFDlM5ZGvR.webp', 9, 2782, 'webp', 'image', NULL, '2023-12-12 16:01:23', '2024-01-04 17:04:38', '2024-01-04 17:04:38'),
('YfJayGiBPce6tVwcuauk3xzHHRXwGklTZCG6Lec4', 'uploads/all/EBLAuNb3yVLRgReHjRW56kvnsEGmWzfTKD1bIex0.webp', 9, 1416, 'webp', 'image', NULL, '2023-12-12 16:03:13', '2024-01-04 17:04:38', '2024-01-04 17:04:38'),
('ED7vbI8nnpPeKv6LXGYsGMCOLKG5s5uWyedONBxj', 'uploads/all/UfALJrRq6pVp8TCf2SOe4WOVWGEIHT1F95FM41Fc.webp', 9, 3000, 'webp', 'image', NULL, '2023-12-12 16:04:48', '2024-01-04 17:04:38', '2024-01-04 17:04:38'),
('8MqtdcU7P3nYIIYriq961yUONT519pV50SSgLpnU', 'uploads/all/Skn64OYIHS8UzztOUVlU2ESrTMAuH1Qxvln03zXI.webp', 9, 2276, 'webp', 'image', NULL, '2023-12-12 16:05:49', '2024-01-04 17:04:38', '2024-01-04 17:04:38'),
('6ax4t6xBuczaRDuPVdQZ7JzrEU3mSZnP6qEjfFfM', 'uploads/all/z1JqWVgBbUaIAsREbnwshqlTVpoHpC2uAqcrj3xn.webp', 9, 424, 'webp', 'image', NULL, '2023-12-12 16:08:04', '2024-01-04 17:04:37', '2024-01-04 17:04:37'),
('yV8Z6YkHXuMVZzrD2ht45CeaI5CEqP1BfNYfMp4i', 'uploads/all/oGqL4y6mvg4Fg9ViRAknmXRimHoUGqqUrGvPrrQ5.webp', 9, 1300, 'webp', 'image', NULL, '2023-12-12 16:08:44', '2024-01-04 17:04:37', '2024-01-04 17:04:37'),
('psvYUjmOREXrnLNH4O3h9pC3btmXDsyh96vSPEtk', 'uploads/all/kABe9NuiNhvfWtVCCHNiztlgzNNbuRF438pVq9Qe.webp', 9, 2774, 'webp', 'image', NULL, '2023-12-12 16:09:51', '2024-01-04 17:04:37', '2024-01-04 17:04:37'),
('e3tZctFJ6es65oGghS6D6RfXpUvQxf462DztXXc0', 'uploads/all/1ONDNp76BGtcI0NuGxZxA9nIY0fngL7PpUH1vJ2s.webp', 9, 1942, 'webp', 'image', NULL, '2023-12-12 16:10:47', '2024-01-04 17:04:37', '2024-01-04 17:04:37'),
('Mask Group 63', 'uploads/all/c6NmKioDFmvUYqjPJyrwdrSdiAZwvGQ1JjsOPIqU.png', 9, 737, 'png', 'image', NULL, '2023-12-12 16:14:55', '2024-01-04 17:04:36', '2024-01-04 17:04:36'),
('Mask Group 65', 'uploads/all/RzIkq5UcasHjG4qyDrjLPPDXo3KlMeWbL1OeRaDp.png', 9, 496, 'png', 'image', NULL, '2023-12-12 16:15:19', '2024-01-04 17:04:36', '2024-01-04 17:04:36'),
('0733ba760b29378474dea0fdbcb97107', 'uploads/all/m48EbK2DIUEQf16oZgatpcFoXxPVSCSkSTvJsjKd.webp', 10, 63774, 'webp', 'image', NULL, '2023-12-12 16:18:35', '2024-01-04 17:04:36', '2024-01-04 17:04:36'),
('9a77d34ec81db97c5a45f75873326d6a', 'uploads/all/BcMdv0vanPfvjkaOTEjlNvo3N8c9A7jrUvexRCw6.webp', 11, 44098, 'webp', 'image', NULL, '2023-12-12 17:07:21', '2024-01-04 17:04:36', '2024-01-04 17:04:36'),
('2cXgUZDtznvdWIguw3yRTo5owCO9ncHrFgqroExR', 'uploads/all/EZvQrVZ28wvidzir3ntlbBk9GDX5Sny2LsQtEFA9.webp', 9, 42178, 'webp', 'image', NULL, '2023-12-12 17:26:09', '2024-01-04 17:04:36', '2024-01-04 17:04:36'),
('0kqPaHuzguK8upEc2VZbEzeETXjDQb9ESwXbQx4A', 'uploads/all/1dYmZN8wu0Lo9cIJukECO4UF9ocQYX5OBuJe3e2m.webp', 9, 30906, 'webp', 'image', NULL, '2023-12-12 17:26:21', '2024-01-04 17:04:36', '2024-01-04 17:04:36'),
('V5YBT7JikIwE3o2SdPHxh5t2dMPgnE3R4QR04jwY', 'uploads/all/o6LIEN6YLuBFmK2bt5cYh6MfbDkjHKOSVQwskBqx.webp', 9, 57382, 'webp', 'image', NULL, '2023-12-12 17:26:33', '2024-01-04 17:04:35', '2024-01-04 17:04:35'),
('Mask Group 61', 'uploads/all/mTxxuvwFkJfcz9ctNpRGeDXHA71z2mugufN26Ysu.png', 9, 793, 'png', 'image', NULL, '2023-12-13 10:35:58', '2024-01-04 17:04:35', '2024-01-04 17:04:35'),
('Mask Group 60', 'uploads/all/ZNDXKWeGvCGScfnPIz5yAtuDDH0kcHVKRzdfU2Xf.png', 9, 692, 'png', 'image', NULL, '2023-12-13 10:36:41', '2024-01-04 17:04:35', '2024-01-04 17:04:35'),
('Mask Group 59', 'uploads/all/v9RrFZHWsEiEHY1mmw475WE2N92OlwggHjyAhgwL.png', 9, 855, 'png', 'image', NULL, '2023-12-13 10:37:31', '2024-01-04 17:04:35', '2024-01-04 17:04:35'),
('Mask Group 58', 'uploads/all/tTZgnP6J6sgbyWo6BAAdNvGgQPc5I4NsUmo2BtsR.png', 9, 735, 'png', 'image', NULL, '2023-12-13 10:38:47', '2024-01-04 17:04:35', '2024-01-04 17:04:35'),
('Mask Group 56', 'uploads/all/ZaQP5lHBJ3E8nkQGoSGlWi5kuHycjlWdYdgNG2vh.png', 9, 377, 'png', 'image', NULL, '2023-12-13 10:51:15', '2024-01-04 17:04:35', '2024-01-04 17:04:35'),
('Mask Group 57', 'uploads/all/UkKnFf7JnTnzvY1TL8Txw7reBI0Z3ZIP7480J7Ta.png', 9, 962, 'png', 'image', NULL, '2023-12-13 10:51:58', '2024-01-04 17:04:34', '2024-01-04 17:04:34'),
('Mask Group 62', 'uploads/all/dePFyH6jZaixOyDDB8AhpB7ms6BX7C22CyxHowRn.png', 9, 1475, 'png', 'image', NULL, '2023-12-13 10:58:49', '2024-01-04 17:04:34', '2024-01-04 17:04:34'),
('Mask Group 63', 'uploads/all/5HWsCQ1QPNr3H7tPsng6kePPZ4fCPzhiJGiLvsF0.png', 9, 763, 'png', 'image', NULL, '2023-12-13 11:26:38', '2024-01-04 17:04:34', '2024-01-04 17:04:34'),
('Mask Group 64', 'uploads/all/nuQuE9BW3frOY3EOxrsZptSe813Fhla7uJwq7PZF.png', 9, 877, 'png', 'image', NULL, '2023-12-13 11:46:33', '2024-01-04 17:04:34', '2024-01-04 17:04:34'),
('cyipXWBB9Y3tEiD70LRKojDh0WZlVnJNpRvDYu5M', 'uploads/all/usw0lfNWH81LgWFNidpWKn8FriNYrFHSWBjwYL3m.webp', 9, 1944, 'webp', 'image', NULL, '2023-12-13 17:02:01', '2024-01-04 17:04:34', '2024-01-04 17:04:34'),
('bKGEMZHo9G7pmbJcVxpOl6uUp53A8FYGwISG4IGb', 'uploads/all/4LU5tzOBsAGsdmy15JkSjyx08BgrkQtE4C2zlhJA.webp', 9, 2562, 'webp', 'image', NULL, '2023-12-13 17:03:10', '2024-01-04 17:04:34', '2024-01-04 17:04:34'),
('Xwxo8fAcPy4eyNPTSM1F4SdJOY8eNQ6kt2Ww1VVF', 'uploads/all/svUpQh2Koc6eKxrHlL5VwyrleJIbrkIgdplB0tFz.webp', 9, 2082, 'webp', 'image', NULL, '2023-12-13 17:04:08', '2024-01-04 17:04:34', '2024-01-04 17:04:34'),
('oi4iXQpMVjcQ6LGMQRfM3f0qsMJFW9f5QysdYjz4', 'uploads/all/6SLoKgcUnJpNEw1OInJiJnQNphybBx302lGtrSNA.webp', 9, 2520, 'webp', 'image', NULL, '2023-12-13 17:05:52', '2024-01-04 17:04:33', '2024-01-04 17:04:33'),
('igAkXQNWqVIiTSwKVsoG9DmihosVVTL6vp94K6qf', 'uploads/all/1nwXwwVG4ypoM0BdQfGFK0RESNy3aEO8UemU9KME.webp', 9, 2218, 'webp', 'image', NULL, '2023-12-13 17:10:31', '2024-01-04 17:04:33', '2024-01-04 17:04:33'),
('d7Sa5rDG8bst1qWIIdSS1bKKcHukOEeuDiaB3tql', 'uploads/all/t8Ri02Frfl3pbrVsqUY19KAba1xm5Ppbd5huC3DO.webp', 9, 1544, 'webp', 'image', NULL, '2023-12-13 17:15:39', '2024-01-04 17:04:33', '2024-01-04 17:04:33'),
('0HxQpOsddh4LZPg53rOyGEjC6YSdEkPaSmUtR1lw', 'uploads/all/cLyiM9pctcs7w5uo3YmTbkHRE7ZufPxtzeUBgeoM.webp', 9, 2820, 'webp', 'image', NULL, '2023-12-13 17:17:23', '2024-01-04 17:04:33', '2024-01-04 17:04:33'),
('wgls595fwicRmQzu4tdUa7O6o0bHSrvY5elkBhsV', 'uploads/all/qPiAK9Uxx631hRGqtgZ4XsVO92G7zx9OohOgClcI.webp', 9, 1714, 'webp', 'image', NULL, '2023-12-13 17:25:13', '2024-01-04 17:04:33', '2024-01-04 17:04:33'),
('OhJIYDRwCL2RHmoxNLPhrC00ypEGUZS0AORop3lF', 'uploads/all/zIraBradI4oRvgIJtmqkEsCP7bRIpczCVkSch1V7.webp', 9, 22238, 'webp', 'image', NULL, '2023-12-14 12:26:43', '2024-01-04 17:04:33', '2024-01-04 17:04:33'),
('WZUTIPgbW9c0S2M5eqbNO4f8ipCW7njQEKyK7YpH', 'uploads/all/SMsNP8EYjsiQlEuqVU5JtFLUGegc5fuNlo1r7nAB.webp', 9, 36512, 'webp', 'image', NULL, '2023-12-14 12:26:43', '2024-01-04 17:04:33', '2024-01-04 17:04:33'),
('5yPNmNOENAuY38JEM60t0T7LB7uRiF2FgKEydwff', 'uploads/all/z8VdToEaEFcJUBDxnIs05g1OgeNHuLvZGjJaGRro.webp', 9, 42934, 'webp', 'image', NULL, '2023-12-14 12:26:43', '2024-01-04 17:04:33', '2024-01-04 17:04:33'),
('eCLJnjhyfirOBFf864tcsbJO2o7kM2mpCa3meREZ', 'uploads/all/JXz7454jmmkIpaEGlWP8g5lHt2ROdVaVH5zgbkO0.webp', 9, 17534, 'webp', 'image', NULL, '2023-12-14 12:27:10', '2024-01-04 17:04:32', '2024-01-04 17:04:32'),
('eCLJnjhyfirOBFf864tcsbJO2o7kM2mpCa3meREZ', 'uploads/all/C2zWKqRdWNVll72BzgdfLrVD2LgxXSTW9JmMn0ii.webp', 9, 17534, 'webp', 'image', NULL, '2023-12-14 13:06:17', '2024-01-04 17:04:32', '2024-01-04 17:04:32'),
('0UzqIGQGhFNMFTyDatV8AlVQLcmKZzpt4X5U37t6', 'uploads/all/gabJLpPuk0B6C7GZGiSufTxzuHHZ7DhtoKH0E0l8.webp', 9, 26574, 'webp', 'image', NULL, '2023-12-14 13:10:17', '2024-01-04 17:04:32', '2024-01-04 17:04:32'),
('82Er16tP7Zor9O55Gy6ZrtaehzVHvK3Qy3nVZvQH', 'uploads/all/4jDK48uPd3iPmrViGfoo9kHlOS1A21pgevRuvEs7.webp', 9, 24468, 'webp', 'image', NULL, '2023-12-14 13:10:29', '2024-01-04 17:04:32', '2024-01-04 17:04:32'),
('n6osZDbVoVTHNtLkSbbGdRoxmQynrRESUitGaDKN', 'uploads/all/0NwzG3nBnsJqWd7CI7rQTDNCugKq1tE79ucwuILF.webp', 9, 14098, 'webp', 'image', NULL, '2023-12-14 13:10:43', '2024-01-04 17:04:32', '2024-01-04 17:04:32'),
('saf4zQObb6oI2ln1SQyxIOi2HhdP37fA06qxoJb9', 'uploads/all/PyimXOi8xbKzGAJbz8ajUHpcE8BfcDasdloWeOPs.webp', 9, 28310, 'webp', 'image', NULL, '2023-12-14 13:15:14', '2024-01-04 17:04:32', '2024-01-04 17:04:32'),
('bYGaGfv7z4OFJHlNwsTGTXzRpdDBny6PQmaH6XuM', 'uploads/all/TnlHxaa7RMd91ZVZn4XE1cP8M7ou2iVWayGO1nkj.webp', 9, 16830, 'webp', 'image', NULL, '2023-12-14 13:15:24', '2024-01-04 17:04:32', '2024-01-04 17:04:32'),
('ueiWXhFZGWrzQcimDWllTAE1CGogfkow8N2FjKU0', 'uploads/all/UOU01DoHeJ4p7jVWVcPKU57bx9j8NiEjNA5ED9o7.webp', 9, 18294, 'webp', 'image', NULL, '2023-12-14 13:58:19', '2024-01-04 17:04:31', '2024-01-04 17:04:31'),
('cH0BXgitwY9YApHTb1EpTTLCBwFdBcwaHJKoezj8', 'uploads/all/B2GxI0nYc40hKh01Nr4n01CkRKGMF6lEeSN8xRin.webp', 9, 11564, 'webp', 'image', NULL, '2023-12-14 13:58:30', '2024-01-04 17:04:31', '2024-01-04 17:04:31'),
('5hObtdAm7iV4AD4Fln9EM4UjiPzdqvFzayZNneLo', 'uploads/all/FwB8aL5vWwW0MMtGwYAmuKp1WpSv1hz5tQSEQ8SD.webp', 9, 7192, 'webp', 'image', NULL, '2023-12-14 13:58:47', '2024-01-04 17:04:31', '2024-01-04 17:04:31'),
('101jUedZBLay9bLKAEJaLDsUr3dFZCXul4p4Ceet', 'uploads/all/UMA5TTDellySYq6opp2QFO9N7mMvjtczXBzbqfRI.webp', 9, 16782, 'webp', 'image', NULL, '2023-12-14 14:05:29', '2024-01-04 17:04:31', '2024-01-04 17:04:31'),
('c8N2fek2dJZmUsyWZbXYtIva8IxxLjpl6eofuJjw', 'uploads/all/mO7bLgPqetscXA0UZbKqTIM6tTbvtkinFg6vWCIK.webp', 9, 16732, 'webp', 'image', NULL, '2023-12-14 14:05:48', '2024-01-04 17:04:31', '2024-01-04 17:04:31'),
('PLIQ4fCdxvskll69IfnqrexfShWIj3EQjmWS2dy6', 'uploads/all/CU7GOyn916Cgq95qLbW44WGufJLZWbMQdzPMHXva.webp', 9, 10330, 'webp', 'image', NULL, '2023-12-14 14:06:00', '2024-01-04 17:04:30', '2024-01-04 17:04:30'),
('eSs4yaJTsRhGgiv7NKOWhhA5pIDMDCVsXOTy9eep', 'uploads/all/4XkkGLvOmii5WGuIOxuhZvObTmop0Ibeb8YSP5PP.webp', 9, 12198, 'webp', 'image', NULL, '2023-12-14 15:20:40', '2024-01-04 17:04:30', '2024-01-04 17:04:30'),
('eSs4yaJTsRhGgiv7NKOWhhA5pIDMDCVsXOTy9eep (1)', 'uploads/all/TyPc03hE8aCC0fxhfMlP04SD7mJQzNuaidiKdNtK.webp', 9, 12198, 'webp', 'image', NULL, '2023-12-14 15:20:51', '2024-01-04 17:04:30', '2024-01-04 17:04:30'),
('1YZAY1dFiqBXZtEbHIBSBeKyTM5n6Ylk9fVSsJTO', 'uploads/all/GufXvQUhx6l3in1zh4O7ZbGNVhN04w7VhBrleWMS.webp', 9, 108932, 'webp', 'image', NULL, '2024-01-04 17:23:41', '2024-01-04 17:23:41', NULL),
('K11jEaa22um8nGJD5niqHNNTHYZtV0iGLng26x2Y', 'uploads/all/LB8m2XVSMRLkSR464WlGz7xKW9l91QPWdqVS9hVK.webp', 9, 235774, 'webp', 'image', NULL, '2024-01-04 17:23:51', '2024-01-04 17:23:51', NULL),
('sY9upW7zlKDDx3CTxnE3h1uv89fbPU9JBGbbnjF2', 'uploads/all/r4RzeQjLqkprTaYHN8Qd8JIWRBvGlfPXq4ZqQBme.webp', 9, 149896, 'webp', 'image', NULL, '2024-01-04 17:23:51', '2024-01-04 17:23:51', NULL),
('0kqPaHuzguK8upEc2VZbEzeETXjDQb9ESwXbQx4A', 'uploads/all/pOIbhHnrsC3EURxNQiOpwNnSYtleFwIgdRoPufum.webp', 9, 26760, 'webp', 'image', NULL, '2024-01-04 17:27:02', '2024-01-04 17:27:02', NULL),
('2cXgUZDtznvdWIguw3yRTo5owCO9ncHrFgqroExR', 'uploads/all/XmEOHGZCEFgoSvPExhzBh6HDHIE6GVOuBHyo4cEH.webp', 9, 35946, 'webp', 'image', NULL, '2024-01-04 17:27:03', '2024-01-04 17:27:03', NULL),
('V5YBT7JikIwE3o2SdPHxh5t2dMPgnE3R4QR04jwY', 'uploads/all/tPyfYVt0X2Qf8rbq0KHhp637ynnHHCML2sMzTl9e.webp', 9, 52810, 'webp', 'image', NULL, '2024-01-04 17:27:03', '2024-01-04 17:27:03', NULL),
('JRkXIMV6dmHE4HkMsHYnbFQDgwpn3lCWWDRwGiy4', 'uploads/all/BDPrxlAY04J1r424nrOGbUWyugxGy9gZ1xVJjPeH.webp', 9, 80212, 'webp', 'image', NULL, '2024-01-04 17:27:50', '2024-01-04 17:27:50', NULL),
('YHHPDJbJXOk4QQq5VWQfueDGCAl2Nco684jsJbYr', 'uploads/all/wjXqxHJKU7347uCNMBZjQmydVvCDfcqn7QzjL2Mp.webp', 9, 36288, 'webp', 'image', NULL, '2024-01-04 17:32:01', '2024-01-04 17:32:01', NULL),
('gaXwdpVAcyz0SNYFLu6EiofoCzbx0pbvUDtgeuLp', 'uploads/all/m5iPKMiUu8XtDwYl9c1wnRPTVMnEA1mMuUmlWw2f.webp', 9, 36988, 'webp', 'image', NULL, '2024-01-04 17:32:12', '2024-01-04 17:32:12', NULL),
('EkWRwDYvmRy1BGYQvuV3DNR8MU4dHkrgPdX8OEsY', 'uploads/all/EajxwVuP4q871LgOZ0JCboc5kJlM6pbBwvud1T4R.webp', 9, 40026, 'webp', 'image', NULL, '2024-01-04 17:32:25', '2024-01-04 17:32:25', NULL),
('6iGuaf0vz8nsuligbyHquZSy7tzWwySX0fqZO8Nr', 'uploads/all/7ksDOTlkbs7JtkZljQH5QG65rGHGyZjYzqfPLJ24.webp', 9, 61512, 'webp', 'image', NULL, '2024-01-08 12:19:37', '2024-01-08 12:19:37', NULL),
('fprUYrDP0eNKjl66nqg6qGD1gSUMlZXj6f360sHv', 'uploads/all/y6jkdc2gwCeTAAK06Vn8nHNQ4vCXm7CutdNTu7dP.webp', 9, 32554, 'webp', 'image', NULL, '2024-01-08 12:19:49', '2024-01-08 12:19:49', NULL),
('XAyHvpHmmTE1LwfGKXs5mtgOji14r6Rk5EIz9RWd', 'uploads/all/XKRPPW6K3UL8dE9wwWc1pszb2zxj1gr666bszTq1.webp', 9, 52782, 'webp', 'image', NULL, '2024-01-08 12:21:54', '2024-01-08 12:21:54', NULL),
('9kv6MCnMCgt3BSmirUP7VOSQrUWhe3CjKamaR5gM', 'uploads/all/e0WCWtjYhsXpuDtiZlMZETOy8cOYBFm6WE6aVGHM.webp', 9, 22924, 'webp', 'image', NULL, '2024-01-08 12:26:25', '2024-01-08 12:26:25', NULL),
('wvpiy8Cn27GRGVtKlKu0kQ8DmgFzfECIYykQ6Bfd', 'uploads/all/pHE3C5lCX8BoP0kO1ctl4pHD815mcDFo7LZQ6DU4.webp', 9, 3234, 'webp', 'image', NULL, '2024-01-08 12:28:11', '2024-01-08 12:28:11', NULL),
('FAZdkAlBPJUor8oom2Ip2u7tDyLmhwxeuVy8uYV0', 'uploads/all/MiJN1F6h8gilQhwAYGlSQ7XAMQd7pnzmLnSQdy83.webp', 9, 4354, 'webp', 'image', NULL, '2024-01-08 12:29:08', '2024-01-08 12:29:08', NULL),
('FAZdkAlBPJUor8oom2Ip2u7tDyLmhwxeuVy8uYV0', 'uploads/all/rauda58Yib6Fmvw6Gs29LLNRC6a15QGk6ypVSLr1.webp', 9, 4354, 'webp', 'image', NULL, '2024-01-08 12:29:17', '2024-01-08 12:29:17', NULL),
('O22jq2wxY5IP23QgHauZD2tft46z8DkO8Hr8YlBs', 'uploads/all/0wB6syiTc2ikIDdARe05hbtiuOjJzDm3e0kHaOWP.webp', 9, 1492, 'webp', 'image', NULL, '2024-01-08 12:30:28', '2024-01-08 12:30:28', NULL),
('70TVd2OrhelP4B9bqY9SIK3TnUpCtXkSLntYP5O4', 'uploads/all/XiBDaKfB4zWpKtnrDY65oSZ8LWHhrrlAjz59HFfW.webp', 9, 10270, 'webp', 'image', NULL, '2024-01-08 12:34:08', '2024-01-08 12:34:08', NULL),
('wKpZsiHN7USJpolZc2tBG9aMukVkRPr3g04Qut0m', 'uploads/all/xf6tcbjfR3YXcCMjqAwhzI5BjllcMvuRZHRuUnHP.webp', 9, 8022, 'webp', 'image', NULL, '2024-01-08 12:36:10', '2024-01-08 12:36:10', NULL),
('cPvvoc14qv2chnuFzPB0Cb4PTh9iNeljuCcmgMps', 'uploads/all/sKHi0YQF8qFwik3SEkxeJztcJYdNiRQ0oZ1Awh25.webp', 9, 2486, 'webp', 'image', NULL, '2024-01-08 13:29:34', '2024-01-08 13:29:34', NULL),
('MhdESKdJWCFCfZTIUf5lJDhup8OClA64dvbr83g2', 'uploads/all/D2BxgPSl8GT2sjxiAu8H5Zbjle6Bn4UOR1o6I8H4.webp', 9, 4400, 'webp', 'image', NULL, '2024-01-08 13:30:28', '2024-01-08 13:30:28', NULL),
('5DpZmEosn1JKGBEv7LnmKaY2z3oN9TIlj6zSgSCs (1)', 'uploads/all/n6rrY72MkqsfP3qYbepelh6tsBcoQkmzDUtBNn6T.webp', 9, 3922, 'webp', 'image', NULL, '2024-01-08 13:31:36', '2024-01-08 13:31:36', NULL),
('Stalwart Heated Blanket1', 'uploads/all/bPJTcjSvGwR9jRM89L0WklfoMpK6ADOrKWMxARjv.webp', 9, 18850, 'webp', 'image', NULL, '2024-01-08 13:35:46', '2024-01-08 13:35:46', NULL),
('u1DDNkgW9HCKqNHOYURJY6dJaqwiSwBBQj8S0jLH', 'uploads/all/NbbrZr797AMLT0nGwtPe41Sya5tw46TGK1L3uWuV.webp', 9, 3188, 'webp', 'image', NULL, '2024-01-08 13:41:43', '2024-01-08 13:41:43', NULL),
('ws5Hp71WFMOQ9DgK8XmKa8alxEbI5AoAWk1qTE1D', 'uploads/all/us75cflEsY90hapozhwhq8XpFwxGuXM1mmqiwB8a.webp', 9, 3930, 'webp', 'image', NULL, '2024-01-08 14:13:30', '2024-01-08 14:13:30', NULL),
('bYGaGfv7z4OFJHlNwsTGTXzRpdDBny6PQmaH6XuM', 'uploads/all/uCcRgzOrjIaiweODkGuCw486iV3d8LMpFkIAouOa.webp', 9, 15374, 'webp', 'image', NULL, '2024-01-08 14:15:02', '2024-01-08 14:15:02', NULL),
('n6osZDbVoVTHNtLkSbbGdRoxmQynrRESUitGaDKN', 'uploads/all/hpqeEieYBiKSuI1U3kTayCb4Feo6CLsT5QACasZf.webp', 9, 12762, 'webp', 'image', NULL, '2024-01-08 14:16:32', '2024-01-08 14:16:32', NULL),
('PLIQ4fCdxvskll69IfnqrexfShWIj3EQjmWS2dy6', 'uploads/all/oPCShODMCZItmUe77WwynRHDbcIUtZhzxYHGgvdK.webp', 9, 9220, 'webp', 'image', NULL, '2024-01-08 14:19:11', '2024-01-08 14:19:11', NULL),
('8Fwc1Ul94ZMD6JKYdGGnwJE2OXFWu6Re3ZmHkEr4', 'uploads/all/EoGCCBWdo7NIDR429udVipV5Urnp8l0NuXhsOIU8.webp', 9, 13156, 'webp', 'image', NULL, '2024-01-08 14:21:36', '2024-01-08 14:21:36', NULL),
('JEy6MQqrc4F1HOx5TVlq3VfXtjgasJL7clLpI8Va', 'uploads/all/F8moRyIrz68FJHQNATtpazz919tT57oTzsChnuxK.webp', 9, 5102, 'webp', 'image', NULL, '2024-01-08 14:33:10', '2024-01-08 14:33:10', NULL),
('ws5Hp71WFMOQ9DgK8XmKa8alxEbI5AoAWk1qTE1D (1)', 'uploads/all/pWnViKrfsJwuwVDYt6iud1AjqOoHmE67sZfSSbet.webp', 9, 3930, 'webp', 'image', NULL, '2024-01-08 14:34:48', '2024-01-08 14:34:48', NULL),
('u1DDNkgW9HCKqNHOYURJY6dJaqwiSwBBQj8S0jLH (1)', 'uploads/all/zk6QA2BdABVFxb5uzwvF4BakIZ4LYudBEjvcWYJo.webp', 9, 3188, 'webp', 'image', NULL, '2024-01-08 14:37:20', '2024-01-08 14:37:20', NULL),
('70TVd2OrhelP4B9bqY9SIK3TnUpCtXkSLntYP5O4 (1)', 'uploads/all/2ChpzGWFdTKpC66ShRTXFftOOU8DgpXyF8dPwnSV.webp', 9, 10270, 'webp', 'image', NULL, '2024-01-08 14:38:51', '2024-01-08 14:38:51', NULL),
('xsf7uvQW1d93mzVr7ooKxKNrzUukYHSvTGqn0I9Q', 'uploads/all/UlkAkHFtknGmNLXP03IVDH5oaBF9dG6vLY8ewJ3L.webp', 9, 13828, 'webp', 'image', NULL, '2024-01-08 14:40:32', '2024-01-08 14:40:32', NULL),
('wVjgYC1tJKJtLiNEylzbXpHZaax9qsNsJUsAfmbB', 'uploads/all/kqLfBbxkuqENusRCswMlRZprKxcsnv2pTAMkIBoZ.webp', 9, 28984, 'webp', 'image', NULL, '2024-01-08 14:40:48', '2024-01-08 14:40:48', NULL),
('6ixeCAeRRuMgqnbNgaYolYne3Nn7UqkisGAvMxxz', 'uploads/all/BTrnd9DaRjlmaoX9Qd9IxBcvvCYNJbTLr7YgPGyE.webp', 9, 11332, 'webp', 'image', NULL, '2024-01-08 14:40:57', '2024-01-08 14:40:57', NULL),
('jXpPJfDnUjReHAsMg9Zw0YKq5PL7FWMWsJd9iYMD', 'uploads/all/QPnD22EovnecAqRDvJXrKXfHZtQzawCxYTakIxBF.webp', 9, 8074, 'webp', 'image', NULL, '2024-01-08 14:46:51', '2024-01-08 14:46:51', NULL),
('Ulf9GAzFeOeVQgWiaCdoQdanIgPjpBrw7uOpzren', 'uploads/all/o2oS1jVf25IGV7iCI7B0x3O64eVmhFZY36Ywc15k.webp', 9, 2658, 'webp', 'image', NULL, '2024-01-08 14:47:01', '2024-01-08 14:47:01', NULL),
('1K7YCVJyXvjfiRRC7rcS3vfMZUwZMlYCP7DJswUm', 'uploads/all/kdK0S59v1XAsYq4M1oVdwqFxlk4G0L3hFXkfV3CS.webp', 9, 6210, 'webp', 'image', NULL, '2024-01-08 14:49:03', '2024-01-08 14:49:03', NULL),
('cPvvoc14qv2chnuFzPB0Cb4PTh9iNeljuCcmgMps (1)', 'uploads/all/rnjtfDrth9mV1fQhm5XrHcWWAlCLpkZndxnVCcie.webp', 9, 2486, 'webp', 'image', NULL, '2024-01-08 14:49:13', '2024-01-08 14:49:13', NULL),
('D2BxgPSl8GT2sjxiAu8H5Zbjle6Bn4UOR1o6I8H4', 'uploads/all/a0e10y8RNX0towoQIQ7ffK7JnbSdWvVGNl3C9cic.webp', 9, 7106, 'webp', 'image', NULL, '2024-01-08 14:51:03', '2024-01-08 14:51:03', NULL),
('PLIQ4fCdxvskll69IfnqrexfShWIj3EQjmWS2dy6 (1)', 'uploads/all/VzVUlhCrjiz7bcaW2n1cQ297HBuu6ODljbEFKwCs.webp', 9, 9220, 'webp', 'image', NULL, '2024-01-08 15:05:39', '2024-01-08 15:05:39', NULL),
('xgkm8TcXVQTwQEGFyJcwTj3yJLKOlnACY5wXLWYx (1)', 'uploads/all/cf890LIoqo3MW3o66IH1PDiyyZZjMyMgHACfn56F.webp', 9, 7560, 'webp', 'image', NULL, '2024-01-08 15:09:08', '2024-01-08 15:09:08', NULL),
('xgkm8TcXVQTwQEGFyJcwTj3yJLKOlnACY5wXLWYx', 'uploads/all/jQ1cgHtKAmg8gbAJTVYGtdGnKmqctkLh5ozdlizV.webp', 9, 7560, 'webp', 'image', NULL, '2024-01-08 15:09:18', '2024-01-08 15:09:18', NULL),
('gKcrCK7ndvxSSdFZR8qlFxXbWVNfJxiiv3NVadGZ', 'uploads/all/7AQgJFEXeGEEBxRNFGOUdYOTQg02ZAOxAebHVjC5.webp', 9, 21658, 'webp', 'image', NULL, '2024-01-08 15:09:30', '2024-01-08 15:09:30', NULL),
('QVou7U0xgZZhT5E8hQKBescNBqIZ1mJUiXJP0Ohb', 'uploads/all/M5uQxXKBzh5IMZ1u274qibWWcKbLR2ex60UCtEPQ.webp', 9, 6834, 'webp', 'image', NULL, '2024-01-08 15:12:08', '2024-01-08 15:12:08', NULL),
('efbS3rOcSNmlMVbArJjNqmgqGJ4HnsaATIJeZYy1', 'uploads/all/z1DRl4GioI5BmqDUngX6LESiOHMQB7B3JQ9of8VC.webp', 9, 9230, 'webp', 'image', NULL, '2024-01-08 15:12:18', '2024-01-08 15:12:18', NULL),
('1HygXEMAIzeApDoe5bFqGaWf4UeSFmxzNhtRIj44', 'uploads/all/mM0yOTpMA1tiVeCrPtykNRMz3UUIcNZaYN9RDu7e.webp', 9, 4138, 'webp', 'image', NULL, '2024-01-08 15:12:32', '2024-01-08 15:12:32', NULL),
('ueiWXhFZGWrzQcimDWllTAE1CGogfkow8N2FjKU0', 'uploads/all/DIGGmPRvYd6uvyV5eRilZzCt5cl8ChLdKi26ASwu.webp', 9, 15692, 'webp', 'image', NULL, '2024-01-08 15:14:13', '2024-01-08 15:14:13', NULL),
('cH0BXgitwY9YApHTb1EpTTLCBwFdBcwaHJKoezj8', 'uploads/all/cdrLCkm7F8bnpHWMWPmUyiXYlo6GfZddzbfiMTf8.webp', 9, 10216, 'webp', 'image', NULL, '2024-01-08 15:14:24', '2024-01-08 15:14:24', NULL),
('5hObtdAm7iV4AD4Fln9EM4UjiPzdqvFzayZNneLo', 'uploads/all/568o07I43Jit7y9K1ftEv6ToxuW7ZGtQpJL6wuXX.webp', 9, 6586, 'webp', 'image', NULL, '2024-01-08 15:14:39', '2024-01-08 15:14:39', NULL),
('5DpZmEosn1JKGBEv7LnmKaY2z3oN9TIlj6zSgSCs (2)', 'uploads/all/fgBgvQNRhiMG0eYEUQjsqxEq4hYhxxqUCWIki3Kt.webp', 9, 3922, 'webp', 'image', NULL, '2024-01-08 15:16:57', '2024-01-08 15:16:57', NULL),
('nZI9U43Qh0eGER5tcaWbQ9y2yJzHhFmK2edZ4T0R', 'uploads/all/ZqdLXh7TJZxYOQ8rz0n1cSPCqLeI83nY05CPRsd0.webp', 9, 3270, 'webp', 'image', NULL, '2024-01-08 15:20:16', '2024-01-08 15:20:16', NULL),
('Ym3yGeRLTv9BHctDMcFTCcuD78XKGweLZkALtjoz', 'uploads/all/cU0zxIdslWJz178XHyJfUncnJv8keDopinZcOHSd.webp', 9, 18996, 'webp', 'image', NULL, '2024-01-08 15:20:36', '2024-01-08 15:20:36', NULL),
('46v0RI8PXlQa4Yy0IftaGaK9rZUQdLOAFkpnjRXT', 'uploads/all/xIlOUwjNG23vkpxsGKJMytX2tYqbCnd8QLmHVMID.webp', 9, 554, 'webp', 'image', NULL, '2024-01-08 15:21:26', '2024-01-08 15:21:26', NULL),
('huj0Q3hBncctLYsiLeQg5mObSIPk8s1NGi1JdsmP', 'uploads/all/mC1gyy1FcAJRpkEYETmpwPoHt08XWxagpnulifs9.webp', 9, 4092, 'webp', 'image', NULL, '2024-01-08 15:23:22', '2024-01-08 15:23:22', NULL),
('LHUk7AM6okO07NvMOkVB35JbQBCLGLjfbRBuUNHc', 'uploads/all/qfXlJMYNOIxR36JOhGE28mXllBcbChE74D1bbWFY.webp', 9, 648, 'webp', 'image', NULL, '2024-01-08 15:23:34', '2024-01-08 15:23:34', NULL),
('V7PbqhwELyJdDKTvtJq55KxmHhU1TCNN7XU2excd', 'uploads/all/af62eWl4yolGhH2XvzrQaYUyAMOz5frtaIStUbZy.webp', 9, 18052, 'webp', 'image', NULL, '2024-01-08 15:23:46', '2024-01-08 15:23:46', NULL),
('Artboard – 22', 'uploads/all/2TEsCP0jm5Y064bQ63LUaYqKkvJxlTml5OYfYYsj.webp', 9, 3156, 'webp', 'image', NULL, '2024-01-08 16:07:35', '2024-01-08 16:07:35', NULL),
('Group 213', 'uploads/all/Kqrv805WBtUhh603yGA4MCboaYctCOl6bQqHR12p.png', 9, 889, 'png', 'image', NULL, '2024-01-08 16:08:25', '2024-01-08 16:08:25', NULL),
('car accessories', 'uploads/all/NUjIbtLt8fBeLG7N4ZF24zCiPImPiKF3PeeAEEZp.webp', 9, 10716, 'webp', 'image', NULL, '2024-01-08 16:08:54', '2024-01-08 16:08:54', NULL),
('Xwxo8fAcPy4eyNPTSM1F4SdJOY8eNQ6kt2Ww1VVF (1)', 'uploads/all/PLHSRaiFF3g0PSqoBMA68Z1nfXHOinFfnh8gr9qt.webp', 9, 1944, 'webp', 'image', NULL, '2024-01-09 12:09:25', '2024-01-09 12:09:25', NULL),
('e3tZctFJ6es65oGghS6D6RfXpUvQxf462DztXXc0', 'uploads/all/QmK1IdomgqH7FgCduPO5xW1k96vkjfu1daBDBKP1.webp', 9, 1750, 'webp', 'image', NULL, '2024-01-09 12:09:25', '2024-01-09 12:09:25', NULL),
('bKGEMZHo9G7pmbJcVxpOl6uUp53A8FYGwISG4IGb', 'uploads/all/hcbfzehxVzR10r973AuAUWPtxTjzDJC8QYFJGPM0.webp', 9, 2352, 'webp', 'image', NULL, '2024-01-09 12:09:25', '2024-01-09 12:09:25', NULL),
('6ax4t6xBuczaRDuPVdQZ7JzrEU3mSZnP6qEjfFfM (1)', 'uploads/all/CatcyFYyTSk2js3kfIE5aiuRjnKEP1QPEPNgjuEP.webp', 9, 386, 'webp', 'image', NULL, '2024-01-09 12:09:25', '2024-01-09 12:09:25', NULL),
('SE5RmXlnnn7IGCueKcCC3bSb6VMbpRKCQ9Uj73im (1)', 'uploads/all/IQUoHfgHtuj7OpBb1rEAPuhQNpv6bfUnbnX11TQm.webp', 9, 2284, 'webp', 'image', NULL, '2024-01-09 12:09:25', '2024-01-09 12:09:25', NULL),
('oi4iXQpMVjcQ6LGMQRfM3f0qsMJFW9f5QysdYjz4', 'uploads/all/8ZkMrvo15RFRKSHPwF27tSo3YaJ4Gl6TKhE19I02.webp', 9, 2360, 'webp', 'image', NULL, '2024-01-09 12:46:00', '2024-01-09 12:46:00', NULL),
('8epyndbgfapwj0RYIU5mMDUk88yFYWjffqLOQMFD (2)', 'uploads/all/vnO73ZgZc96F6QtVfZACgtytJepVCZ9SwZ75vkZ5.webp', 9, 1728, 'webp', 'image', NULL, '2024-01-09 12:47:21', '2024-01-09 12:47:21', NULL),
('yV8Z6YkHXuMVZzrD2ht45CeaI5CEqP1BfNYfMp4i (2)', 'uploads/all/X1V92GRV1Y5HB5EBbtQx8Ff2rCAZkbT7bMiUcB04.webp', 9, 1154, 'webp', 'image', NULL, '2024-01-09 13:26:07', '2024-01-09 13:26:07', NULL),
('YfJayGiBPce6tVwcuauk3xzHHRXwGklTZCG6Lec4', 'uploads/all/OFbb6ty51HP4mhSOjFK2nHB89lcr6rXJUXIBzyKh.webp', 9, 1266, 'webp', 'image', NULL, '2024-01-09 13:26:49', '2024-01-09 13:26:49', NULL),
('bKhJ65lemcinqfk74DbPolIMUL6jY4rUZ5TqtXQw', 'uploads/all/DadHE8bl5z4eZIOqCpLgW1fAXQLkAjBY78CUCBzU.webp', 9, 870, 'webp', 'image', NULL, '2024-01-09 13:27:34', '2024-01-09 13:27:34', NULL),
('Bd9U1KTG1ibDXAnq5pCxNQEueJUAFd4Gtd9IVmT6', 'uploads/all/3HpYdCZt4txfXlUnhsN85MyDFqX8YsjWyJQa4iMJ.webp', 9, 1350, 'webp', 'image', NULL, '2024-01-09 13:28:24', '2024-01-09 13:28:24', NULL),
('CVo1G2QVpVtSoZlmCvC0l4hL9WIiWLlTQf6XclMC', 'uploads/all/FTNrTc3hJe8PBk2C1BFYJMHTU9fUMJ5Bcw9rGE2m.webp', 9, 2544, 'webp', 'image', NULL, '2024-01-09 13:29:36', '2024-01-09 13:29:36', NULL),
('ED7vbI8nnpPeKv6LXGYsGMCOLKG5s5uWyedONBxj', 'uploads/all/mesKLDLPwKBICtt6LcGN6ac8QuyeW7AVOOWaLstv.webp', 9, 2744, 'webp', 'image', NULL, '2024-01-09 13:32:04', '2024-01-09 13:32:04', NULL),
('8MqtdcU7P3nYIIYriq961yUONT519pV50SSgLpnU', 'uploads/all/GmqRMAzBNkd9lwr7lQdJF22w94hNiSWPsYWV1vMf.webp', 9, 2062, 'webp', 'image', NULL, '2024-01-09 13:32:52', '2024-01-09 13:32:52', NULL),
('psvYUjmOREXrnLNH4O3h9pC3btmXDsyh96vSPEtk', 'uploads/all/kwJdiI3BG1qwKmD1W3FwhnPhVxZBLxfLzDt66sua.webp', 9, 2558, 'webp', 'image', NULL, '2024-01-09 13:33:43', '2024-01-09 13:33:43', NULL),
('STjCG9CvTjAf6RsZZvlmehNpqoQwERbljj9ZEiH1', 'uploads/all/RZIdwwckC0fQjkTZzUW6APjCHqW4cLe59gm01N1x.webp', 9, 3104, 'webp', 'image', NULL, '2024-01-09 13:35:32', '2024-01-09 13:35:32', NULL),
('cyipXWBB9Y3tEiD70LRKojDh0WZlVnJNpRvDYu5M', 'uploads/all/OPbQ07hjPJygaq1mFIa61FQm9ItRbjvZz07mBSn7.webp', 9, 1764, 'webp', 'image', NULL, '2024-01-09 13:36:40', '2024-01-09 13:36:40', NULL),
('igAkXQNWqVIiTSwKVsoG9DmihosVVTL6vp94K6qf', 'uploads/all/Uiyqnayngmk7laIoGliTxHB7ieBc8CBsVEIUE7yJ.webp', 9, 2000, 'webp', 'image', NULL, '2024-01-09 13:37:29', '2024-01-09 13:37:29', NULL),
('d7Sa5rDG8bst1qWIIdSS1bKKcHukOEeuDiaB3tql', 'uploads/all/kxcVFDabonj6EHQijskw6srRF8i02MfP3uuzvFQn.webp', 9, 1434, 'webp', 'image', NULL, '2024-01-09 13:38:22', '2024-01-09 13:38:22', NULL),
('0HxQpOsddh4LZPg53rOyGEjC6YSdEkPaSmUtR1lw', 'uploads/all/niq6gy1uvE0MMnuU3B6JfsVCxeb23HGhja47OjrL.webp', 9, 2608, 'webp', 'image', NULL, '2024-01-09 13:39:26', '2024-01-09 13:39:26', NULL),
('wgls595fwicRmQzu4tdUa7O6o0bHSrvY5elkBhsV', 'uploads/all/ZKZjlegfBFH8CTZ1yn72PBHyUnRGhesHyMPOtmKe.webp', 9, 1568, 'webp', 'image', NULL, '2024-01-09 13:40:11', '2024-01-09 13:40:11', NULL),
('AcQrue0Rc4krp9i0LsDXW8FcZ6z4YYWXOdcJL908', 'uploads/all/fn0YMAhwKo4sUga3I4g32Mg0L87q4Zf0cX5YwKBz.webp', 3, 3224, 'webp', 'image', NULL, '2024-01-09 13:46:38', '2024-01-09 13:46:38', NULL),
('Qjj4dDEMSrAv6RlftG5Ue1BKLvgW7Ai5kPYL22xZ', 'uploads/all/fXfFHkhytEC5mO29PC7lKRIXkQGxOwhUdDbeipto.webp', 11, 6706, 'webp', 'image', NULL, '2024-01-09 14:03:04', '2024-01-09 14:03:04', NULL),
('QMFN9PeXeCU9pWZN8viMl1ZYjYRwbXLJAsz3abgC', 'uploads/all/2pFcBjFTdDKJZyKFYH6XhT3NCcCYecAvrPZ49n5T.webp', 12, 2400, 'webp', 'image', NULL, '2024-01-09 14:09:21', '2024-01-09 14:09:21', NULL),
('QMFN9PeXeCU9pWZN8viMl1ZYjYRwbXLJAsz3abgC', 'uploads/all/AwL5a3vPfSsIVBefuDZgAw2TQ2o27YNjT50wCVh0.webp', 15, 2400, 'webp', 'image', NULL, '2024-01-09 14:14:09', '2024-01-09 14:14:09', NULL),
('qf8pEDFmjfjIDYYGXaKtJ90ilKQMC7F1rXk2vQJr', 'uploads/all/r1XPlK3i2WyyTJEkzVyE1tWGMzC5f4MrzW72Oi5f.webp', 16, 2844, 'webp', 'image', NULL, '2024-01-09 14:16:48', '2024-01-09 14:16:48', NULL),
('1RutGcPmMYvLHiatsxAVq9l8XMM3IiuuvGUq20yh (1)', 'uploads/all/wdBj1AkXfcoXNuYkMdQYADV7kuOcRDh2rHrpAS8S.webp', 17, 2754, 'webp', 'image', NULL, '2024-01-09 14:19:51', '2024-01-09 14:19:51', NULL),
('vFdr4HrQUc9xyw96AHQ4INLZfWo4cPdAB15y9DS6', 'uploads/all/OnezeExCRvkXUZUaXjG7zl8YCU33nh1qksbf2rk1.webp', 9, 62972, 'webp', 'image', NULL, '2024-01-09 14:26:19', '2024-01-09 14:26:19', NULL),
('y5aAwCTiy1nwF8o0xjWMcFH875Yspup7NUeKNO6v', 'uploads/all/3BGIW6vo9sSFhCfAjYZ3WwUIDlFOGDqwS4hkfwja.webp', 9, 36626, 'webp', 'image', NULL, '2024-01-09 14:27:57', '2024-01-09 14:27:57', NULL),
('rMFRKQTyU7HwHC7xsvdca5GH3x51Bz5jqnGH08oq (1)', 'uploads/all/wxbk2mJwrZjK5bIjeb3IkDttydbVHQ8fmHsWFAlV.webp', 9, 50892, 'webp', 'image', NULL, '2024-01-09 14:29:05', '2024-01-09 14:29:05', NULL),
('ECOhlChXROlBWG1PLrBLSn0hoWNDKnmbGk1xPaa2', 'uploads/all/59d3sFdQ2JxSgIjkGmdM3LwPHAWUkKrFnTLqgxkn.webp', 9, 72130, 'webp', 'image', NULL, '2024-01-09 14:33:46', '2024-01-09 14:33:46', NULL),
('gi8k2mSdLBFKM3TO08IGkyRZXiqUCF6PofaL6lbl', 'uploads/all/lunbsP5gcoAx47ioB4qXnxeHrBQD7I6bklT5kOKi.webp', 9, 14858, 'webp', 'image', NULL, '2024-01-09 14:38:47', '2024-01-09 14:38:47', NULL),
('XsQu9VavSoz4D0Fiy5ERv23iF7LDqNtwO3mWwC9a', 'uploads/all/UrLfLgDDKPVqWnn3UwVloxV4sF1KiOnkKPfKg36m.webp', 9, 180672, 'webp', 'image', NULL, '2024-01-09 15:22:02', '2024-01-09 15:22:02', NULL),
('Mask Group 18', 'uploads/all/znlvTe2kUsu5qqzvHDjfBX9XXNO9AMimtXHtazdh.png', 9, 795, 'png', 'image', NULL, '2024-01-09 16:14:46', '2024-01-09 16:14:46', NULL),
('JjUx7LIwj97wFpsgffYGwYxtdEiQLVGPtBWYE4wq', 'uploads/all/XK9ZRAhKwUQf0bQQTx80eO0caGJI24Lvpg92D4yp.webp', 9, 290, 'webp', 'image', NULL, '2024-01-09 16:16:09', '2024-01-09 16:16:09', NULL),
('9hMfQOGGQrpmFO1KEbTJ9SijUxM8p8TEsm6o4FVp', 'uploads/all/fFSujLdnN19gRMbpzq25wiwNFXs2wDqOFv1AwB5I.webp', 9, 654, 'webp', 'image', NULL, '2024-01-09 16:17:30', '2024-01-09 16:17:30', NULL),
('Xo7vpVo4AoHlw0H4Uy1gji43dINKc3QcL7vwP89I', 'uploads/all/FQi1pjHCkx1DE9Buxlhmur7t9D56QJIYFnRFWC9D.webp', 9, 992, 'webp', 'image', NULL, '2024-01-09 16:18:34', '2024-01-09 16:18:34', NULL),
('s1wy92OMYjFLRL4Ah1gplU0HKdpg425eelCmuh2J', 'uploads/all/ThoZTTTpl5g2Mbh1BWsQNkfXefoB4tL6jgdjcO0j.webp', 9, 1084, 'webp', 'image', NULL, '2024-01-09 16:20:09', '2024-01-09 16:20:09', NULL),
('pjA5XtPh7IfFh9kslBqPeQ7TY62kYvsljGo66fR7', 'uploads/all/nBHQ2KolQTzqezXbKFKZBWbGuUQFyhMT5IGm09nW.png', 9, 737, 'png', 'image', NULL, '2024-01-09 16:22:58', '2024-01-09 16:22:58', NULL),
('eH7pi9VoH9cmfHNbwGoXkhTRiM27WxWvJrjeCWNq', 'uploads/all/yPZbu1apEIPKP3LiDs6lR2q4Auk2SYO4wsrbu3Il.png', 9, 895, 'png', 'image', NULL, '2024-01-09 16:25:17', '2024-01-09 16:25:17', NULL),
('1IILl0xxDca8HksJP14eNfqTTtPbdp28npnrdNUr', 'uploads/all/HO8DrrgPqJXinuTojT9WWLXeVrd45ZeWXRvfYWeH.webp', 9, 41718, 'webp', 'image', NULL, '2024-01-10 15:59:27', '2024-01-10 15:59:27', NULL);


INSERT INTO `users` (`id`, `referred_by`, `provider`, `provider_id`, `refresh_token`, `access_token`, `user_type`, `name`, `email`, `email_verified_at`, `verification_code`, `new_email_verificiation_code`, `password`, `remember_token`, `device_token`, `avatar`, `avatar_original`, `address`, `country`, `state`, `city`, `postal_code`, `phone`, `balance`, `banned`, `referral_code`, `customer_package_id`, `remaining_uploads`, `created_at`, `updated_at`) VALUES
-- (10, NULL, NULL, NULL, NULL, NULL, 'customer', 'Eve Grimes', 'customer1@example.com', '2023-12-12 16:12:58', NULL, NULL, '$2y$10$W4eXk5RSnEWjvAR1PQmCzubr7RNC9gkxAiT6Ycz2hVINhvLnExXpW', NULL, NULL, NULL, '22', NULL, NULL, NULL, NULL, NULL, '+1 (577) 328-3317', 0.00, 0, NULL, NULL, 0, '2023-12-12 16:17:58', '2023-12-12 16:18:54'),
(4, NULL, NULL, NULL, NULL, NULL, 'seller', 'Samuel Hoffman', 'seller1@example.com', '2023-12-12 17:12:54', NULL, NULL, '$2y$10$6Mhzu/GS3wbc1DFHwB9duOBA3Rayqna5F3li/kyVBCWC.nUgpU9Ge', NULL, NULL, NULL, '23', NULL, NULL, NULL, NULL, NULL, NULL, 0.00, 0, NULL, NULL, 0, '2023-12-12 17:06:54', '2023-12-12 17:07:28'),
(5, NULL, NULL, NULL, NULL, NULL, 'seller', 'Gareth Gilbert', 'seller2@example.com', '2024-01-09 14:01:59', NULL, NULL, '$2y$10$1h1Ym/pjUlG5XGfgNrMDMuygwY99du9MvnQWCNYhh1TlsNT3uirm6', NULL, NULL, NULL, NULL, NULL, NULL, NULL, NULL, NULL, NULL, 0.00, 0, NULL, NULL, 0, '2024-01-09 14:13:59', '2024-01-09 14:13:59'),
(6, NULL, NULL, NULL, NULL, NULL, 'seller', 'Rahim Underwood', 'seller3@example.com', '2024-01-09 14:01:40', NULL, NULL, '$2y$10$cE5mfsKm9LFDkv8MGEMtlu.Pe/X01OfhSwrfSxAVbGOa9Vl5BmOPe', NULL, NULL, NULL, NULL, NULL, NULL, NULL, NULL, NULL, NULL, 0.00, 0, NULL, NULL, 0, '2024-01-09 14:16:40', '2024-01-09 14:16:40'),
(7, NULL, NULL, NULL, NULL, NULL, 'seller', 'Deanna Velez', 'seller4@example.com', '2024-01-09 14:01:07', NULL, NULL, '$2y$10$QCsxNi3afWQ6khhGN3hatuf1cDZO4WNJLR4LSqiBYmm4HLrGmaAzy', NULL, NULL, NULL, NULL, NULL, NULL, NULL, NULL, NULL, NULL, 0.00, 0, NULL, NULL, 0, '2024-01-09 14:18:07', '2024-01-09 14:18:07');

INSERT INTO `shops` (`user_id`, `name`, `logo`, `sliders`, `top_banner`, `banner_full_width_1`, `banners_half_width`, `banner_full_width_2`, `phone`, `address`, `rating`, `num_of_reviews`, `num_of_sale`, `seller_package_id`, `product_upload_limit`, `package_invalid_at`, `verification_status`, `verification_info`, `cash_on_delivery_status`, `admin_to_pay`, `facebook`, `instagram`, `google`, `twitter`, `youtube`, `slug`, `meta_title`, `meta_description`, `pick_up_point_id`, `shipping_cost`, `delivery_pickup_latitude`, `delivery_pickup_longitude`, `bank_name`, `bank_acc_name`, `bank_acc_no`, `bank_routing_no`, `bank_payment_status`, `created_at`, `updated_at`) VALUES
(4, 'Filon Asset Store', '146', NULL, NULL, NULL, NULL, NULL, '56468753', 'Filon Asset Storel', 0.00, 0, 0, NULL, 0, NULL, 1, NULL, 0, 0.00, NULL, NULL, NULL, NULL, NULL, 'Filon-Asset-Store-2', 'Filon Asset Store', 'Filon Asset Store', NULL, 0.00, NULL, NULL, NULL, NULL, NULL, NULL, 0, '2023-12-12 17:06:54', '2024-01-09 14:03:49'),
(5, 'Pink Horizon', '148', NULL, NULL, NULL, NULL, NULL, '256546', 'Enim officia dolore', 0.00, 0, 0, NULL, 0, NULL, 1, NULL, 0, 0.00, NULL, NULL, NULL, NULL, NULL, 'Pink-Horizon-6', 'Pink Horizon', 'Pink Horizon', NULL, 0.00, NULL, NULL, NULL, NULL, NULL, NULL, 0, '2024-01-09 14:13:59', '2024-01-09 14:15:05'),
(6, 'LOUIS VUITTON', '149', NULL, NULL, NULL, NULL, NULL, '2656454', 'Asperiores exercitat', 0.00, 0, 0, NULL, 0, NULL, 1, NULL, 0, 0.00, NULL, NULL, NULL, NULL, NULL, 'LOUIS-VUITTON-7', 'LOUIS VUITTON', 'LOUIS VUITTON', NULL, 0.00, NULL, NULL, NULL, NULL, NULL, NULL, 0, '2024-01-09 14:16:40', '2024-01-09 14:21:55'),
(7, 'Lavish Look', '150', NULL, NULL, NULL, NULL, NULL, '265646', 'Ullamco nemo in veli', 0.00, 0, 0, NULL, 0, NULL, 1, NULL, 0, 0.00, NULL, NULL, NULL, NULL, NULL, 'Lavish-Look-8', 'Lavish Look', 'Lavish Look', NULL, 0.00, NULL, NULL, NULL, NULL, NULL, NULL, 0, '2024-01-09 14:18:07', '2024-01-09 14:21:53');


UPDATE `business_settings` SET `value` = '[\"1\",\"2\",\"3\",\"4\",\"5\",\"6\",\"8\",\"9\",\"10\",\"12\",\"13\",\"14\"]' WHERE `business_settings`.`type` = 'top_brands';
UPDATE `business_settings` SET `value` = '[\"63\",\"62\",\"64\"]' WHERE `business_settings`.`type` = "home_slider_images";
UPDATE `business_settings` SET `value` = '[null,null,null]' WHERE `business_settings`.`type` = "home_slider_links"; 
UPDATE `business_settings` SET `value` = '[\"66\",\"67\",\"65\"]' WHERE `business_settings`.`type` = "home_banner1_images";
UPDATE `business_settings` SET `value` = '[null,null,null]' WHERE `business_settings`.`type` = "home_banner1_links"; 
UPDATE `business_settings` SET `value` = '[\"68\"]' WHERE `business_settings`.`type` = "home_banner2_images";
UPDATE `business_settings` SET `value` = '[null]' WHERE `business_settings`.`type` = "home_banner2_links";
UPDATE `business_settings` SET `value` = '[\"69\",\"70\",\"71\"]' WHERE `business_settings`.`type` = 'home_banner3_images';
UPDATE `business_settings` SET `value` = '[null,null,null]' WHERE `business_settings`.`type` = 'home_banner3_links';
UPDATE `business_settings` SET `value` = '[\"1\",\"2\",\"4\",\"17\"]' WHERE `business_settings`.`type` = "home_categories"; 